21700105,11/1/2017,1610612766,t,126
21700105,11/1/2017,1610612749,f,121
21700106,11/1/2017,1610612739,t,107
21700106,11/1/2017,1610612754,f,124
21700107,11/1/2017,1610612737,f,109
21700107,11/1/2017,1610612755,t,119
21700108,11/1/2017,1610612764,t,116
21700108,11/1/2017,1610612756,f,122
21700109,11/1/2017,1610612738,t,113
21700109,11/1/2017,1610612758,f,86
21700110,11/1/2017,1610612741,f,91
21700110,11/1/2017,1610612748,t,97
21700111,11/1/2017,1610612752,t,97
21700111,11/1/2017,1610612745,f,119
21700112,11/1/2017,1610612763,t,99
21700112,11/1/2017,1610612753,f,101
21700113,11/1/2017,1610612750,f,104
21700113,11/1/2017,1610612740,t,98
21700114,11/1/2017,1610612761,f,111
21700114,11/1/2017,1610612743,t,129
21700115,11/1/2017,1610612762,t,112
21700115,11/1/2017,1610612757,f,103
21700116,11/1/2017,1610612742,f,98
21700116,11/1/2017,1610612746,t,119
21700117,11/2/2017,1610612759,t,92
21700117,11/2/2017,1610612744,f,112
21700118,11/2/2017,1610612757,t,113
21700118,11/2/2017,1610612747,f,110
21700119,11/3/2017,1610612765,t,105
21700119,11/3/2017,1610612749,f,96
21700120,11/3/2017,1610612753,t,83
21700120,11/3/2017,1610612741,f,105
21700121,11/3/2017,1610612754,f,110
21700121,11/3/2017,1610612755,t,121
21700122,11/3/2017,1610612739,f,130
21700122,11/3/2017,1610612764,t,122
21700123,11/3/2017,1610612737,t,104
21700123,11/3/2017,1610612745,f,119
21700124,11/3/2017,1610612752,t,120
21700124,11/3/2017,1610612756,f,107
21700125,11/3/2017,1610612742,t,94
21700125,11/3/2017,1610612740,f,99
21700126,11/3/2017,1610612766,f,101
21700126,11/3/2017,1610612759,t,108
21700127,11/3/2017,1610612743,t,95
21700127,11/3/2017,1610612748,f,94
21700128,11/3/2017,1610612762,t,100
21700128,11/3/2017,1610612761,f,109
21700129,11/3/2017,1610612738,f,101
21700129,11/3/2017,1610612760,t,94
21700130,11/3/2017,1610612751,f,112
21700130,11/3/2017,1610612747,t,124
21700131,11/4/2017,1610612763,f,113
21700131,11/4/2017,1610612746,t,104
21700132,11/4/2017,1610612765,t,108
21700132,11/4/2017,1610612758,f,99
21700133,11/4/2017,1610612740,f,96
21700133,11/4/2017,1610612741,t,90
21700134,11/4/2017,1610612750,t,112
21700134,11/4/2017,1610612742,f,99
21700135,11/4/2017,1610612743,t,108
21700135,11/4/2017,1610612744,f,127
21700136,11/5/2017,1610612739,t,115
21700136,11/5/2017,1610612737,f,117
21700137,11/5/2017,1610612746,t,101
21700137,11/5/2017,1610612748,f,104
21700138,11/5/2017,1610612738,f,104
21700138,11/5/2017,1610612753,t,88
21700139,11/5/2017,1610612764,f,107
21700139,11/5/2017,1610612761,t,96
21700140,11/5/2017,1610612762,f,110
21700140,11/5/2017,1610612745,t,137
21700141,11/5/2017,1610612756,f,95
21700141,11/5/2017,1610612759,t,112
21700142,11/5/2017,1610612754,f,101
21700142,11/5/2017,1610612752,t,108
21700143,11/5/2017,1610612766,f,94
21700143,11/5/2017,1610612750,t,112
21700144,11/5/2017,1610612760,f,99
21700144,11/5/2017,1610612757,t,103
21700145,11/5/2017,1610612763,f,102
21700145,11/5/2017,1610612747,t,107
21700146,11/6/2017,1610612737,t,107
21700146,11/6/2017,1610612738,f,110
21700147,11/6/2017,1610612751,f,98
21700147,11/6/2017,1610612756,t,92
21700148,11/6/2017,1610612744,t,97
21700148,11/6/2017,1610612748,f,80
21700149,11/7/2017,1610612739,t,124
21700149,11/7/2017,1610612749,f,119
21700150,11/7/2017,1610612754,t,112
21700150,11/7/2017,1610612740,f,117
21700151,11/7/2017,1610612764,t,99
21700151,11/7/2017,1610612742,f,113
21700152,11/7/2017,1610612766,f,113
21700152,11/7/2017,1610612752,t,118
21700153,11/7/2017,1610612761,t,119
21700153,11/7/2017,1610612741,f,114
21700154,11/7/2017,1610612759,t,120
21700154,11/7/2017,1610612746,f,107
21700155,11/7/2017,1610612751,f,104
21700155,11/7/2017,1610612743,t,112
21700156,11/7/2017,1610612762,t,97
21700156,11/7/2017,1610612755,f,104
21700157,11/7/2017,1610612763,f,98
21700157,11/7/2017,1610612757,t,97
21700158,11/7/2017,1610612760,f,86
21700158,11/7/2017,1610612758,t,94
21700159,11/8/2017,1610612765,t,114
21700159,11/8/2017,1610612754,f,97
21700160,11/8/2017,1610612753,t,112
21700160,11/8/2017,1610612752,f,99
21700161,11/8/2017,1610612738,t,107
21700161,11/8/2017,1610612747,f,96
21700162,11/8/2017,1610612756,t,115
21700162,11/8/2017,1610612748,f,126
21700163,11/8/2017,1610612750,f,101
21700163,11/8/2017,1610612744,t,125
21700164,11/9/2017,1610612764,t,111
21700164,11/9/2017,1610612747,f,95
21700165,11/9/2017,1610612761,t,122
21700165,11/9/2017,1610612740,f,118
21700166,11/9/2017,1610612739,f,113
21700166,11/9/2017,1610612745,t,117
21700167,11/9/2017,1610612758,t,109
21700167,11/9/2017,1610612755,f,108
21700168,11/9/2017,1610612760,f,94
21700168,11/9/2017,1610612743,t,102
21700169,11/10/2017,1610612737,f,104
21700169,11/10/2017,1610612765,t,111
21700170,11/10/2017,1610612738,t,90
21700170,11/10/2017,1610612766,f,87
21700171,11/10/2017,1610612754,f,105
21700171,11/10/2017,1610612741,t,87
21700172,11/10/2017,1610612760,t,120
21700172,11/10/2017,1610612746,f,111
21700173,11/10/2017,1610612759,t,87
21700173,11/10/2017,1610612749,f,94
21700174,11/10/2017,1610612753,f,128
21700174,11/10/2017,1610612756,t,112
21700175,11/10/2017,1610612762,t,74
21700175,11/10/2017,1610612748,f,84
21700176,11/10/2017,1610612751,f,101
21700176,11/10/2017,1610612757,t,97
21700177,11/11/2017,1610612737,f,94
21700177,11/11/2017,1610612764,t,113
21700178,11/11/2017,1610612740,t,111
21700178,11/11/2017,1610612746,f,103
21700179,11/11/2017,1610612752,t,118
21700179,11/11/2017,1610612758,f,91
21700180,11/11/2017,1610612763,f,96
21700180,11/11/2017,1610612745,t,111
21700181,11/11/2017,1610612739,f,111
21700181,11/11/2017,1610612742,t,104
21700182,11/11/2017,1610612747,f,90
21700182,11/11/2017,1610612749,t,98
21700183,11/11/2017,1610612759,t,133
21700183,11/11/2017,1610612741,f,94
21700184,11/11/2017,1610612755,f,114
21700184,11/11/2017,1610612744,t,135
21700185,11/11/2017,1610612753,f,107
21700185,11/11/2017,1610612743,t,125
21700186,11/11/2017,1610612756,t,118
21700186,11/11/2017,1610612750,f,110
21700187,11/11/2017,1610612762,t,114
21700187,11/11/2017,1610612751,f,106
21700188,11/12/2017,1610612738,t,95
21700188,11/12/2017,1610612761,f,94
21700189,11/12/2017,1610612765,t,112
21700189,11/12/2017,1610612748,f,103
21700190,11/12/2017,1610612754,t,95
21700190,11/12/2017,1610612745,f,118
21700191,11/12/2017,1610612760,t,112
21700191,11/12/2017,1610612742,f,99
21700192,11/13/2017,1610612764,t,110
21700192,11/13/2017,1610612758,f,92
21700193,11/13/2017,1610612739,f,104
21700193,11/13/2017,1610612752,t,101
21700194,11/13/2017,1610612763,f,103
21700194,11/13/2017,1610612749,t,110
21700195,11/13/2017,1610612737,f,105
21700195,11/13/2017,1610612740,t,106
21700196,11/13/2017,1610612756,t,93
21700196,11/13/2017,1610612747,f,100
21700197,11/13/2017,1610612762,t,98
21700197,11/13/2017,1610612750,f,109
21700198,11/13/2017,1610612757,t,99
21700198,11/13/2017,1610612743,f,82
21700199,11/13/2017,1610612753,f,100
21700199,11/13/2017,1610612744,t,110
21700200,11/13/2017,1610612746,t,105
21700200,11/13/2017,1610612755,f,109
21700201,11/14/2017,1610612738,f,109
21700201,11/14/2017,1610612751,t,102
21700202,11/14/2017,1610612761,f,129
21700202,11/14/2017,1610612745,t,113
21700203,11/14/2017,1610612759,f,97
21700203,11/14/2017,1610612742,t,91
21700204,11/15/2017,1610612737,t,126
21700204,11/15/2017,1610612758,f,80
21700205,11/15/2017,1610612764,f,102
21700205,11/15/2017,1610612748,t,93
21700206,11/15/2017,1610612762,f,101
21700206,11/15/2017,1610612752,t,106
21700207,11/15/2017,1610612739,f,115
21700207,11/15/2017,1610612766,t,107
21700208,11/15/2017,1610612763,t,113
21700208,11/15/2017,1610612754,f,116
21700209,11/15/2017,1610612765,f,95
21700209,11/15/2017,1610612749,t,99
21700210,11/15/2017,1610612759,f,86
21700210,11/15/2017,1610612750,t,98
21700211,11/15/2017,1610612761,f,125
21700211,11/15/2017,1610612740,t,116
21700212,11/15/2017,1610612760,t,92
21700212,11/15/2017,1610612741,f,79
21700213,11/15/2017,1610612753,f,94
21700213,11/15/2017,1610612757,t,99
21700214,11/15/2017,1610612747,t,109
21700214,11/15/2017,1610612755,f,115
21700215,11/16/2017,1610612738,t,92
21700215,11/16/2017,1610612744,f,88
21700216,11/16/2017,1610612756,t,116
21700216,11/16/2017,1610612745,f,142
21700217,11/17/2017,1610612765,f,100
21700217,11/17/2017,1610612754,t,107
21700218,11/17/2017,1610612764,t,88
21700218,11/17/2017,1610612748,f,91
21700219,11/17/2017,1610612762,f,107
21700219,11/17/2017,1610612751,t,118
21700220,11/17/2017,1610612739,t,118
21700220,11/17/2017,1610612746,f,113
21700221,11/17/2017,1610612761,t,107
21700221,11/17/2017,1610612752,f,84
21700222,11/17/2017,1610612766,f,120
21700222,11/17/2017,1610612741,t,123
21700223,11/17/2017,1610612760,f,101
21700223,11/17/2017,1610612759,t,104
21700224,11/17/2017,1610612742,t,87
21700224,11/17/2017,1610612750,f,111
21700225,11/17/2017,1610612757,f,82
21700225,11/17/2017,1610612758,t,86
21700226,11/17/2017,1610612743,t,146
21700226,11/17/2017,1610612740,f,114
21700227,11/17/2017,1610612747,t,113
21700227,11/17/2017,1610612756,f,122
21700228,11/18/2017,1610612766,t,102
21700228,11/18/2017,1610612746,f,87
21700229,11/18/2017,1610612762,f,125
21700229,11/18/2017,1610612753,t,85
21700230,11/18/2017,1610612737,t,99
21700230,11/18/2017,1610612738,f,110
21700231,11/18/2017,1610612755,t,116
21700231,11/18/2017,1610612744,f,124
21700232,11/18/2017,1610612763,t,83
21700232,11/18/2017,1610612745,f,105
21700233,11/18/2017,1610612742,t,111
21700233,11/18/2017,1610612749,f,79
21700234,11/18/2017,1610612757,t,102
21700234,11/18/2017,1610612758,f,90
21700235,11/19/2017,1610612754,f,120
21700235,11/19/2017,1610612748,t,95
21700236,11/19/2017,1610612751,t,111
21700236,11/19/2017,1610612744,f,118
21700237,11/19/2017,1610612764,f,91
21700237,11/19/2017,1610612761,t,100
21700238,11/19/2017,1610612765,f,100
21700238,11/19/2017,1610612750,t,97
21700239,11/19/2017,1610612741,f,105
21700239,11/19/2017,1610612756,t,113
21700240,11/19/2017,1610612743,f,109
21700240,11/19/2017,1610612747,t,127
21700241,11/20/2017,1610612750,f,102
21700241,11/20/2017,1610612766,t,118
21700242,11/20/2017,1610612739,f,116
21700242,11/20/2017,1610612765,t,88
21700243,11/20/2017,1610612753,t,97
21700243,11/20/2017,1610612754,f,105
21700244,11/20/2017,1610612762,f,86
21700244,11/20/2017,1610612755,t,107
21700245,11/20/2017,1610612752,t,107
21700245,11/20/2017,1610612746,f,85
21700246,11/20/2017,1610612763,t,92
21700246,11/20/2017,1610612757,f,100
21700247,11/20/2017,1610612764,f,99
21700247,11/20/2017,1610612749,t,88
21700248,11/20/2017,1610612760,f,107
21700248,11/20/2017,1610612740,t,114
21700249,11/20/2017,1610612738,f,110
21700249,11/20/2017,1610612742,t,102
21700250,11/20/2017,1610612737,f,85
21700250,11/20/2017,1610612759,t,96
21700251,11/20/2017,1610612758,t,98
21700251,11/20/2017,1610612743,f,114
21700252,11/21/2017,1610612741,f,94
21700252,11/21/2017,1610612747,t,103
21700253,11/22/2017,1610612764,f,124
21700253,11/22/2017,1610612766,t,129
21700254,11/22/2017,1610612739,t,119
21700254,11/22/2017,1610612751,f,109
21700255,11/22/2017,1610612757,f,81
21700255,11/22/2017,1610612755,t,101
21700256,11/22/2017,1610612737,t,103
21700256,11/22/2017,1610612746,f,116
21700257,11/22/2017,1610612738,f,98
21700257,11/22/2017,1610612748,t,104
21700258,11/22/2017,1610612761,f,100
21700258,11/22/2017,1610612752,t,108
21700259,11/22/2017,1610612743,f,95
21700259,11/22/2017,1610612745,t,125
21700260,11/22/2017,1610612763,t,94
21700260,11/22/2017,1610612742,f,95
21700261,11/22/2017,1610612753,f,118
21700261,11/22/2017,1610612750,t,124
21700262,11/22/2017,1610612759,f,90
21700262,11/22/2017,1610612740,t,107
21700263,11/22/2017,1610612760,t,108
21700263,11/22/2017,1610612744,f,91
21700264,11/22/2017,1610612749,f,113
21700264,11/22/2017,1610612756,t,107
21700265,11/22/2017,1610612762,t,110
21700265,11/22/2017,1610612741,f,80
21700266,11/22/2017,1610612758,t,113
21700266,11/22/2017,1610612747,f,102
21700267,11/24/2017,1610612751,t,125
21700267,11/24/2017,1610612757,f,127
21700268,11/24/2017,1610612737,t,116
21700268,11/24/2017,1610612752,f,104
21700269,11/24/2017,1610612738,t,118
21700269,11/24/2017,1610612753,f,103
21700270,11/24/2017,1610612739,t,100
21700270,11/24/2017,1610612766,f,99
21700271,11/24/2017,1610612761,f,104
21700271,11/24/2017,1610612754,t,107
21700272,11/24/2017,1610612750,t,97
21700272,11/24/2017,1610612748,f,109
21700273,11/24/2017,1610612765,f,99
21700273,11/24/2017,1610612760,t,98
21700274,11/24/2017,1610612763,f,92
21700274,11/24/2017,1610612743,t,104
21700275,11/24/2017,1610612740,f,115
21700275,11/24/2017,1610612756,t,91
21700276,11/24/2017,1610612741,f,94
21700276,11/24/2017,1610612744,t,143
21700277,11/25/2017,1610612766,t,86
21700277,11/25/2017,1610612759,f,106
21700278,11/25/2017,1610612753,f,111
21700278,11/25/2017,1610612755,t,130
21700279,11/25/2017,1610612764,t,105
21700279,11/25/2017,1610612757,f,108
21700280,11/25/2017,1610612737,t,78
21700280,11/25/2017,1610612761,f,112
21700281,11/25/2017,1610612738,f,108
21700281,11/25/2017,1610612754,t,98
21700282,11/25/2017,1610612752,f,102
21700282,11/25/2017,1610612745,t,117
21700283,11/25/2017,1610612760,f,81
21700283,11/25/2017,1610612742,t,97
21700284,11/25/2017,1610612740,f,95
21700284,11/25/2017,1610612744,t,110
21700285,11/25/2017,1610612762,t,121
21700285,11/25/2017,1610612749,f,108
21700286,11/25/2017,1610612758,t,95
21700286,11/25/2017,1610612746,f,97
21700287,11/26/2017,1610612741,t,93
21700287,11/26/2017,1610612748,f,100
21700288,11/26/2017,1610612750,t,119
21700288,11/26/2017,1610612756,f,108
21700289,11/26/2017,1610612763,t,88
21700289,11/26/2017,1610612751,f,98
21700290,11/27/2017,1610612753,f,109
21700290,11/27/2017,1610612754,t,121
21700291,11/27/2017,1610612739,f,113
21700291,11/27/2017,1610612755,t,91
21700292,11/27/2017,1610612738,t,108
21700292,11/27/2017,1610612765,f,118
21700293,11/27/2017,1610612752,t,91
21700293,11/27/2017,1610612757,f,103
21700294,11/27/2017,1610612751,f,103
21700294,11/27/2017,1610612745,t,117
21700295,11/27/2017,1610612759,t,115
21700295,11/27/2017,1610612742,f,108
21700296,11/27/2017,1610612758,f,110
21700296,11/27/2017,1610612744,t,106
21700297,11/27/2017,1610612746,t,120
21700297,11/27/2017,1610612747,f,115
21700298,11/28/2017,1610612739,t,108
21700298,11/28/2017,1610612748,f,97
21700299,11/28/2017,1610612741,t,99
21700299,11/28/2017,1610612756,f,104
21700300,11/28/2017,1610612764,f,92
21700300,11/28/2017,1610612750,t,89
21700301,11/28/2017,1610612762,t,106
21700301,11/28/2017,1610612743,f,77
21700302,11/28/2017,1610612758,t,87
21700302,11/28/2017,1610612749,f,112
21700303,11/29/2017,1610612765,t,131
21700303,11/29/2017,1610612756,f,107
21700304,11/29/2017,1610612760,f,108
21700304,11/29/2017,1610612753,t,121
21700305,11/29/2017,1610612764,f,113
21700305,11/29/2017,1610612755,t,118
21700306,11/29/2017,1610612752,t,115
21700306,11/29/2017,1610612748,f,86
21700307,11/29/2017,1610612766,f,113
21700307,11/29/2017,1610612761,t,126
21700308,11/29/2017,1610612754,f,97
21700308,11/29/2017,1610612745,t,118
21700309,11/29/2017,1610612750,f,120
21700309,11/29/2017,1610612740,t,102
21700310,11/29/2017,1610612751,f,109
21700310,11/29/2017,1610612742,t,104
21700311,11/29/2017,1610612759,t,104
21700311,11/29/2017,1610612763,f,95
21700312,11/29/2017,1610612747,t,123
21700312,11/29/2017,1610612744,f,127
21700313,11/30/2017,1610612739,f,121
21700313,11/30/2017,1610612737,t,114
21700314,11/30/2017,1610612738,t,108
21700314,11/30/2017,1610612755,f,97
21700315,11/30/2017,1610612743,t,111
21700315,11/30/2017,1610612741,f,110
21700316,11/30/2017,1610612757,t,91
21700316,11/30/2017,1610612749,f,103
21700317,11/30/2017,1610612762,f,126
21700317,11/30/2017,1610612746,t,107
21700318,12/1/2017,1610612753,t,112
21700318,12/1/2017,1610612744,f,133
21700319,12/1/2017,1610612761,t,120
21700319,12/1/2017,1610612754,f,115
21700320,12/1/2017,1610612764,t,109
21700320,12/1/2017,1610612765,f,91
21700321,12/1/2017,1610612766,f,100
21700321,12/1/2017,1610612748,t,105
21700322,12/1/2017,1610612758,f,107
21700322,12/1/2017,1610612741,t,106
21700323,12/1/2017,1610612759,f,95
21700323,12/1/2017,1610612763,t,79
21700324,12/1/2017,1610612760,t,111
21700324,12/1/2017,1610612750,f,107
21700325,12/1/2017,1610612762,t,114
21700325,12/1/2017,1610612740,f,108
21700326,12/2/2017,1610612738,t,116
21700326,12/2/2017,1610612756,f,111
21700327,12/2/2017,1610612742,t,108
21700327,12/2/2017,1610612746,f,82
21700328,12/2/2017,1610612737,f,114
21700328,12/2/2017,1610612751,t,102
21700329,12/2/2017,1610612739,t,116
21700329,12/2/2017,1610612763,f,111
21700330,12/2/2017,1610612765,f,103
21700330,12/2/2017,1610612755,t,108
21700331,12/2/2017,1610612758,f,104
21700331,12/2/2017,1610612749,t,109
21700332,12/2/2017,1610612743,t,115
21700332,12/2/2017,1610612747,f,100
21700333,12/2/2017,1610612757,t,116
21700333,12/2/2017,1610612740,f,123
21700334,12/3/2017,1610612753,f,105
21700334,12/3/2017,1610612752,t,100
21700335,12/3/2017,1610612748,t,95
21700335,12/3/2017,1610612744,f,123
21700336,12/3/2017,1610612750,t,112
21700336,12/3/2017,1610612746,f,106
21700337,12/3/2017,1610612760,t,90
21700337,12/3/2017,1610612759,f,87
21700338,12/3/2017,1610612747,t,95
21700338,12/3/2017,1610612745,f,118
21700339,12/4/2017,1610612766,t,104
21700339,12/4/2017,1610612753,f,94
21700340,12/4/2017,1610612754,t,115
21700340,12/4/2017,1610612752,f,97
21700341,12/4/2017,1610612755,t,101
21700341,12/4/2017,1610612756,f,115
21700342,12/4/2017,1610612737,t,90
21700342,12/4/2017,1610612751,f,110
21700343,12/4/2017,1610612738,t,111
21700343,12/4/2017,1610612749,f,100
21700344,12/4/2017,1610612739,f,113
21700344,12/4/2017,1610612741,t,91
21700345,12/4/2017,1610612750,f,92
21700345,12/4/2017,1610612763,t,95
21700346,12/4/2017,1610612740,t,115
21700346,12/4/2017,1610612744,f,125
21700347,12/4/2017,1610612742,t,122
21700347,12/4/2017,1610612743,f,105
21700348,12/4/2017,1610612765,f,93
21700348,12/4/2017,1610612759,t,96
21700349,12/4/2017,1610612764,f,69
21700349,12/4/2017,1610612762,t,116
21700350,12/5/2017,1610612761,t,126
21700350,12/5/2017,1610612756,f,113
21700351,12/5/2017,1610612762,f,94
21700351,12/5/2017,1610612760,t,100
21700352,12/5/2017,1610612764,f,106
21700352,12/5/2017,1610612757,t,92
21700353,12/6/2017,1610612739,t,101
21700353,12/6/2017,1610612758,f,95
21700354,12/6/2017,1610612754,t,98
21700354,12/6/2017,1610612741,f,96
21700355,12/6/2017,1610612737,f,106
21700355,12/6/2017,1610612753,t,110
21700356,12/6/2017,1610612738,t,97
21700356,12/6/2017,1610612742,f,90
21700357,12/6/2017,1610612752,t,99
21700357,12/6/2017,1610612763,f,88
21700358,12/6/2017,1610612766,t,87
21700358,12/6/2017,1610612744,f,101
21700359,12/6/2017,1610612765,f,100
21700359,12/6/2017,1610612749,t,104
21700360,12/6/2017,1610612743,f,114
21700360,12/6/2017,1610612740,t,123
21700361,12/6/2017,1610612759,t,117
21700361,12/6/2017,1610612748,f,105
21700362,12/6/2017,1610612750,f,113
21700362,12/6/2017,1610612746,t,107
21700363,12/7/2017,1610612747,f,107
21700363,12/7/2017,1610612755,t,104
21700364,12/7/2017,1610612764,f,109
21700364,12/7/2017,1610612756,t,99
21700365,12/7/2017,1610612760,f,95
21700365,12/7/2017,1610612751,t,100
21700366,12/7/2017,1610612762,t,101
21700366,12/7/2017,1610612745,f,112
21700367,12/8/2017,1610612766,t,111
21700367,12/8/2017,1610612741,f,119
21700368,12/8/2017,1610612765,t,98
21700368,12/8/2017,1610612744,f,102
21700369,12/8/2017,1610612739,f,102
21700369,12/8/2017,1610612754,t,106
21700370,12/8/2017,1610612753,t,89
21700370,12/8/2017,1610612743,f,103
21700371,12/8/2017,1610612761,f,116
21700371,12/8/2017,1610612763,t,107
21700372,12/8/2017,1610612742,f,102
21700372,12/8/2017,1610612749,t,109
21700373,12/8/2017,1610612758,f,116
21700373,12/8/2017,1610612740,t,109
21700374,12/8/2017,1610612738,f,102
21700374,12/8/2017,1610612759,t,105
21700375,12/9/2017,1610612764,f,112
21700375,12/9/2017,1610612746,t,113
21700376,12/9/2017,1610612751,t,89
21700376,12/9/2017,1610612748,f,101
21700377,12/9/2017,1610612766,t,99
21700377,12/9/2017,1610612747,f,110
21700378,12/9/2017,1610612737,t,117
21700378,12/9/2017,1610612753,f,110
21700379,12/9/2017,1610612739,t,105
21700379,12/9/2017,1610612755,f,98
21700380,12/9/2017,1610612752,f,102
21700380,12/9/2017,1610612741,t,104
21700381,12/9/2017,1610612762,f,100
21700381,12/9/2017,1610612749,t,117
21700382,12/9/2017,1610612760,f,102
21700382,12/9/2017,1610612763,t,101
21700383,12/9/2017,1610612759,f,104
21700383,12/9/2017,1610612756,t,101
21700384,12/9/2017,1610612757,t,117
21700384,12/9/2017,1610612745,f,124
21700385,12/10/2017,1610612761,f,102
21700385,12/10/2017,1610612758,t,87
21700386,12/10/2017,1610612738,f,91
21700386,12/10/2017,1610612765,t,81
21700387,12/10/2017,1610612754,t,126
21700387,12/10/2017,1610612743,f,116
21700388,12/10/2017,1610612750,t,97
21700388,12/10/2017,1610612742,f,92
21700389,12/10/2017,1610612755,f,124
21700389,12/10/2017,1610612740,t,131
21700390,12/10/2017,1610612737,f,107
21700390,12/10/2017,1610612752,t,111
21700391,12/11/2017,1610612738,f,85
21700391,12/11/2017,1610612741,t,108
21700392,12/11/2017,1610612740,f,123
21700392,12/11/2017,1610612745,t,130
21700393,12/11/2017,1610612748,f,107
21700393,12/11/2017,1610612763,t,82
21700394,12/11/2017,1610612766,f,116
21700394,12/11/2017,1610612760,t,103
21700395,12/11/2017,1610612757,f,104
21700395,12/11/2017,1610612744,t,111
21700396,12/11/2017,1610612761,f,91
21700396,12/11/2017,1610612746,t,96
21700397,12/12/2017,1610612739,t,123
21700397,12/12/2017,1610612737,f,114
21700398,12/12/2017,1610612765,t,84
21700398,12/12/2017,1610612743,f,103
21700399,12/12/2017,1610612752,t,113
21700399,12/12/2017,1610612747,f,109
21700400,12/12/2017,1610612764,f,98
21700400,12/12/2017,1610612751,t,103
21700401,12/12/2017,1610612755,f,118
21700401,12/12/2017,1610612750,t,112
21700402,12/12/2017,1610612759,f,89
21700402,12/12/2017,1610612742,t,95
21700403,12/12/2017,1610612758,t,99
21700403,12/12/2017,1610612756,f,92
21700404,12/13/2017,1610612760,f,100
21700404,12/13/2017,1610612754,t,95
21700405,12/13/2017,1610612753,t,95
21700405,12/13/2017,1610612746,f,106
21700406,12/13/2017,1610612764,t,93
21700406,12/13/2017,1610612763,f,87
21700407,12/13/2017,1610612738,t,124
21700407,12/13/2017,1610612743,f,118
21700408,12/13/2017,1610612757,f,102
21700408,12/13/2017,1610612748,t,95
21700409,12/13/2017,1610612762,f,100
21700409,12/13/2017,1610612741,t,103
21700410,12/13/2017,1610612740,t,115
21700410,12/13/2017,1610612749,f,108
21700411,12/13/2017,1610612761,f,115
21700411,12/13/2017,1610612756,t,109
21700412,12/13/2017,1610612766,f,96
21700412,12/13/2017,1610612745,t,108
21700413,12/14/2017,1610612737,t,91
21700413,12/14/2017,1610612765,f,105
21700414,12/14/2017,1610612751,t,104
21700414,12/14/2017,1610612752,f,111
21700415,12/14/2017,1610612739,t,121
21700415,12/14/2017,1610612747,f,112
21700416,12/14/2017,1610612758,f,96
21700416,12/14/2017,1610612750,t,119
21700417,12/14/2017,1610612742,f,97
21700417,12/14/2017,1610612744,t,112
21700418,12/15/2017,1610612766,t,98
21700418,12/15/2017,1610612748,f,104
21700419,12/15/2017,1610612765,f,104
21700419,12/15/2017,1610612754,t,98
21700420,12/15/2017,1610612753,t,88
21700420,12/15/2017,1610612757,f,95
21700421,12/15/2017,1610612760,f,119
21700421,12/15/2017,1610612755,t,117
21700422,12/15/2017,1610612764,t,100
21700422,12/15/2017,1610612746,f,91
21700423,12/15/2017,1610612738,t,95
21700423,12/15/2017,1610612762,f,107
21700424,12/15/2017,1610612761,t,120
21700424,12/15/2017,1610612751,f,87
21700425,12/15/2017,1610612737,f,94
21700425,12/15/2017,1610612763,t,96
21700426,12/15/2017,1610612741,f,115
21700426,12/15/2017,1610612749,t,109
21700427,12/15/2017,1610612743,t,117
21700427,12/15/2017,1610612740,f,111
21700428,12/15/2017,1610612759,f,109
21700428,12/15/2017,1610612745,t,124
21700429,12/16/2017,1610612766,t,91
21700429,12/16/2017,1610612757,f,93
21700430,12/16/2017,1610612739,t,109
21700430,12/16/2017,1610612762,f,100
21700431,12/16/2017,1610612760,f,96
21700431,12/16/2017,1610612752,t,111
21700432,12/16/2017,1610612746,f,85
21700432,12/16/2017,1610612748,t,90
21700433,12/16/2017,1610612745,t,115
21700433,12/16/2017,1610612749,f,111
21700434,12/16/2017,1610612750,t,106
21700434,12/16/2017,1610612756,f,108
21700435,12/16/2017,1610612759,t,98
21700435,12/16/2017,1610612742,f,96
21700436,12/16/2017,1610612738,f,102
21700436,12/16/2017,1610612763,t,93
21700437,12/17/2017,1610612761,t,108
21700437,12/17/2017,1610612758,f,93
21700438,12/17/2017,1610612765,t,114
21700438,12/17/2017,1610612753,f,110
21700439,12/17/2017,1610612754,f,109
21700439,12/17/2017,1610612751,t,97
21700440,12/17/2017,1610612739,f,106
21700440,12/17/2017,1610612764,t,99
21700441,12/18/2017,1610612766,t,109
21700441,12/18/2017,1610612752,f,91
21700442,12/18/2017,1610612738,f,112
21700442,12/18/2017,1610612754,t,111
21700443,12/18/2017,1610612737,t,110
21700443,12/18/2017,1610612748,f,104
21700444,12/18/2017,1610612755,f,115
21700444,12/18/2017,1610612741,t,117
21700445,12/18/2017,1610612762,f,99
21700445,12/18/2017,1610612745,t,120
21700446,12/18/2017,1610612757,f,107
21700446,12/18/2017,1610612750,t,108
21700447,12/18/2017,1610612760,t,95
21700447,12/18/2017,1610612743,f,94
21700448,12/18/2017,1610612742,t,91
21700448,12/18/2017,1610612756,f,97
21700449,12/18/2017,1610612759,t,109
21700449,12/18/2017,1610612746,f,91
21700450,12/18/2017,1610612747,t,114
21700450,12/18/2017,1610612744,f,116
21700451,12/19/2017,1610612758,f,101
21700451,12/19/2017,1610612755,t,95
21700452,12/19/2017,1610612764,t,116
21700452,12/19/2017,1610612740,f,106
21700453,12/19/2017,1610612739,f,116
21700453,12/19/2017,1610612749,t,119
21700454,12/20/2017,1610612766,t,111
21700454,12/20/2017,1610612761,f,129
21700455,12/20/2017,1610612737,t,95
21700455,12/20/2017,1610612754,f,105
21700456,12/20/2017,1610612738,t,89
21700456,12/20/2017,1610612748,f,90
21700457,12/20/2017,1610612751,t,99
21700457,12/20/2017,1610612758,f,104
21700458,12/20/2017,1610612753,f,94
21700458,12/20/2017,1610612741,t,112
21700459,12/20/2017,1610612747,f,122
21700459,12/20/2017,1610612745,t,116
21700460,12/20/2017,1610612762,f,79
21700460,12/20/2017,1610612760,t,107
21700461,12/20/2017,1610612765,f,93
21700461,12/20/2017,1610612742,t,110
21700462,12/20/2017,1610612750,f,112
21700462,12/20/2017,1610612743,t,104
21700463,12/20/2017,1610612757,t,91
21700463,12/20/2017,1610612759,f,93
21700464,12/20/2017,1610612744,t,97
21700464,12/20/2017,1610612763,f,84
21700465,12/20/2017,1610612756,f,95
21700465,12/20/2017,1610612746,t,108
21700466,12/21/2017,1610612739,t,115
21700466,12/21/2017,1610612741,f,112
21700467,12/21/2017,1610612761,f,114
21700467,12/21/2017,1610612755,t,109
21700468,12/21/2017,1610612738,f,93
21700468,12/21/2017,1610612752,t,102
21700469,12/21/2017,1610612756,t,97
21700469,12/21/2017,1610612763,f,95
21700470,12/21/2017,1610612762,t,100
21700470,12/21/2017,1610612759,f,89
21700471,12/22/2017,1610612765,t,104
21700471,12/22/2017,1610612752,f,101
21700472,12/22/2017,1610612753,t,97
21700472,12/22/2017,1610612740,f,111
21700473,12/22/2017,1610612764,f,84
21700473,12/22/2017,1610612751,t,119
21700474,12/22/2017,1610612742,f,101
21700474,12/22/2017,1610612748,t,113
21700475,12/22/2017,1610612746,f,128
21700475,12/22/2017,1610612745,t,118
21700476,12/22/2017,1610612766,f,104
21700476,12/22/2017,1610612749,t,109
21700477,12/22/2017,1610612737,f,117
21700477,12/22/2017,1610612760,t,120
21700478,12/22/2017,1610612757,t,85
21700478,12/22/2017,1610612743,f,102
21700479,12/22/2017,1610612747,f,106
21700479,12/22/2017,1610612744,t,113
21700480,12/23/2017,1610612761,t,102
21700480,12/23/2017,1610612755,f,86
21700481,12/23/2017,1610612766,t,111
21700481,12/23/2017,1610612749,f,106
21700482,12/23/2017,1610612754,t,123
21700482,12/23/2017,1610612751,f,119
21700483,12/23/2017,1610612764,t,130
21700483,12/23/2017,1610612753,f,103
21700484,12/23/2017,1610612737,t,112
21700484,12/23/2017,1610612742,f,107
21700485,12/23/2017,1610612738,t,117
21700485,12/23/2017,1610612741,f,92
21700486,12/23/2017,1610612740,f,109
21700486,12/23/2017,1610612748,t,94
21700487,12/23/2017,1610612746,f,112
21700487,12/23/2017,1610612763,t,115
21700488,12/23/2017,1610612762,t,89
21700488,12/23/2017,1610612760,f,103
21700489,12/23/2017,1610612743,f,96
21700489,12/23/2017,1610612744,t,81
21700490,12/23/2017,1610612756,t,106
21700490,12/23/2017,1610612750,f,115
21700491,12/23/2017,1610612757,f,95
21700491,12/23/2017,1610612747,t,92
21700492,12/23/2017,1610612758,t,99
21700492,12/23/2017,1610612759,f,108
21700493,12/25/2017,1610612752,t,98
21700493,12/25/2017,1610612755,f,105
21700494,12/25/2017,1610612739,f,92
21700494,12/25/2017,1610612744,t,99
21700495,12/25/2017,1610612738,t,103
21700495,12/25/2017,1610612764,f,111
21700496,12/25/2017,1610612760,t,112
21700496,12/25/2017,1610612745,f,107
21700497,12/25/2017,1610612750,f,121
21700497,12/25/2017,1610612747,t,104
21700498,12/26/2017,1610612765,t,107
21700498,12/26/2017,1610612754,f,83
21700499,12/26/2017,1610612761,f,93
21700499,12/26/2017,1610612742,t,98
21700500,12/26/2017,1610612753,f,89
21700500,12/26/2017,1610612748,t,107
21700501,12/26/2017,1610612741,f,115
21700501,12/26/2017,1610612749,t,106
21700502,12/26/2017,1610612751,f,97
21700502,12/26/2017,1610612759,t,109
21700503,12/26/2017,1610612762,f,83
21700503,12/26/2017,1610612743,t,107
21700504,12/26/2017,1610612756,t,99
21700504,12/26/2017,1610612763,f,97
21700505,12/26/2017,1610612758,f,95
21700505,12/26/2017,1610612746,t,122
21700506,12/27/2017,1610612738,f,102
21700506,12/27/2017,1610612766,t,91
21700507,12/27/2017,1610612754,t,94
21700507,12/27/2017,1610612742,f,98
21700508,12/27/2017,1610612737,t,113
21700508,12/27/2017,1610612764,f,99
21700509,12/27/2017,1610612752,f,87
21700509,12/27/2017,1610612741,t,92
21700510,12/27/2017,1610612750,t,128
21700510,12/27/2017,1610612743,f,125
21700511,12/27/2017,1610612751,f,113
21700511,12/27/2017,1610612740,t,128
21700512,12/27/2017,1610612760,t,124
21700512,12/27/2017,1610612761,f,107
21700513,12/27/2017,1610612739,f,95
21700513,12/27/2017,1610612758,t,109
21700514,12/27/2017,1610612762,f,101
21700514,12/27/2017,1610612744,t,126
21700515,12/27/2017,1610612747,t,99
21700515,12/27/2017,1610612763,f,109
21700516,12/28/2017,1610612765,f,89
21700516,12/28/2017,1610612753,t,102
21700517,12/28/2017,1610612738,t,99
21700517,12/28/2017,1610612745,f,98
21700518,12/28/2017,1610612750,f,96
21700518,12/28/2017,1610612749,t,102
21700519,12/28/2017,1610612752,f,107
21700519,12/28/2017,1610612759,t,119
21700520,12/28/2017,1610612757,t,114
21700520,12/28/2017,1610612755,f,110
21700521,12/29/2017,1610612764,t,121
21700521,12/29/2017,1610612745,f,103
21700522,12/29/2017,1610612737,f,98
21700522,12/29/2017,1610612761,t,111
21700523,12/29/2017,1610612751,f,111
21700523,12/29/2017,1610612748,t,87
21700524,12/29/2017,1610612754,f,107
21700524,12/29/2017,1610612741,t,119
21700525,12/29/2017,1610612742,f,128
21700525,12/29/2017,1610612740,t,120
21700526,12/29/2017,1610612760,t,95
21700526,12/29/2017,1610612749,f,97
21700527,12/29/2017,1610612758,t,101
21700527,12/29/2017,1610612756,f,111
21700528,12/29/2017,1610612766,f,111
21700528,12/29/2017,1610612744,t,100
21700529,12/29/2017,1610612746,f,121
21700529,12/29/2017,1610612747,t,106
21700530,12/30/2017,1610612765,t,93
21700530,12/30/2017,1610612759,f,79
21700531,12/30/2017,1610612753,t,111
21700531,12/30/2017,1610612748,f,117
21700532,12/30/2017,1610612752,f,105
21700532,12/30/2017,1610612740,t,103
21700533,12/30/2017,1610612737,t,104
21700533,12/30/2017,1610612757,f,89
21700534,12/30/2017,1610612739,f,101
21700534,12/30/2017,1610612762,t,104
21700535,12/30/2017,1610612744,t,141
21700535,12/30/2017,1610612763,f,128
21700536,12/30/2017,1610612755,f,107
21700536,12/30/2017,1610612743,t,102
21700537,12/31/2017,1610612764,t,114
21700537,12/31/2017,1610612741,f,110
21700538,12/31/2017,1610612754,t,90
21700538,12/31/2017,1610612750,f,107
21700539,12/31/2017,1610612738,t,108
21700539,12/31/2017,1610612751,f,105
21700540,12/31/2017,1610612747,f,142
21700540,12/31/2017,1610612745,t,148
21700541,12/31/2017,1610612760,t,113
21700541,12/31/2017,1610612742,f,116
21700542,12/31/2017,1610612766,f,98
21700542,12/31/2017,1610612746,t,106
21700543,12/31/2017,1610612758,t,96
21700543,12/31/2017,1610612763,f,114
21700544,12/31/2017,1610612755,f,123
21700544,12/31/2017,1610612756,t,110
21700545,1/1/2018,1610612753,f,95
21700545,1/1/2018,1610612751,t,98
21700546,1/1/2018,1610612761,t,131
21700546,1/1/2018,1610612749,f,127
21700547,1/1/2018,1610612741,t,120
21700547,1/1/2018,1610612757,f,124
21700548,1/1/2018,1610612750,t,114
21700548,1/1/2018,1610612747,f,96
21700549,1/2/2018,1610612739,t,127
21700549,1/2/2018,1610612757,f,110
21700550,1/2/2018,1610612752,t,91
21700550,1/2/2018,1610612759,f,100
21700551,1/2/2018,1610612737,f,103
21700551,1/2/2018,1610612756,t,104
21700552,1/2/2018,1610612766,f,131
21700552,1/2/2018,1610612758,t,111
21700553,1/2/2018,1610612746,t,113
21700553,1/2/2018,1610612763,f,105
21700554,1/3/2018,1610612753,t,98
21700554,1/3/2018,1610612745,f,116
21700555,1/3/2018,1610612755,t,112
21700555,1/3/2018,1610612759,f,106
21700556,1/3/2018,1610612752,f,103
21700556,1/3/2018,1610612764,t,121
21700557,1/3/2018,1610612751,t,98
21700557,1/3/2018,1610612750,f,97
21700558,1/3/2018,1610612748,t,111
21700558,1/3/2018,1610612765,f,104
21700559,1/3/2018,1610612739,f,88
21700559,1/3/2018,1610612738,t,102
21700560,1/3/2018,1610612761,f,124
21700560,1/3/2018,1610612741,t,115
21700561,1/3/2018,1610612754,f,101
21700561,1/3/2018,1610612749,t,122
21700562,1/3/2018,1610612742,t,122
21700562,1/3/2018,1610612744,f,125
21700563,1/3/2018,1610612756,f,111
21700563,1/3/2018,1610612743,t,134
21700564,1/3/2018,1610612762,t,98
21700564,1/3/2018,1610612740,f,108
21700565,1/3/2018,1610612760,f,133
21700565,1/3/2018,1610612747,t,96
21700566,1/4/2018,1610612744,f,124
21700566,1/4/2018,1610612745,t,114
21700567,1/4/2018,1610612760,f,127
21700567,1/4/2018,1610612746,t,117
21700568,1/5/2018,1610612752,f,103
21700568,1/5/2018,1610612748,t,107
21700569,1/5/2018,1610612755,t,114
21700569,1/5/2018,1610612765,f,78
21700570,1/5/2018,1610612738,t,91
21700570,1/5/2018,1610612750,f,84
21700571,1/5/2018,1610612761,f,129
21700571,1/5/2018,1610612749,t,110
21700572,1/5/2018,1610612742,t,124
21700572,1/5/2018,1610612741,f,127
21700573,1/5/2018,1610612756,f,89
21700573,1/5/2018,1610612759,t,103
21700574,1/5/2018,1610612762,f,91
21700574,1/5/2018,1610612743,t,99
21700575,1/5/2018,1610612763,t,100
21700575,1/5/2018,1610612764,f,102
21700576,1/5/2018,1610612737,f,89
21700576,1/5/2018,1610612757,t,110
21700577,1/5/2018,1610612766,f,108
21700577,1/5/2018,1610612747,t,94
21700578,1/6/2018,1610612746,t,105
21700578,1/6/2018,1610612744,f,121
21700579,1/6/2018,1610612738,f,87
21700579,1/6/2018,1610612751,t,85
21700580,1/6/2018,1610612745,f,101
21700580,1/6/2018,1610612765,t,108
21700581,1/6/2018,1610612754,t,125
21700581,1/6/2018,1610612741,f,86
21700582,1/6/2018,1610612753,t,127
21700582,1/6/2018,1610612739,f,131
21700583,1/6/2018,1610612749,f,110
21700583,1/6/2018,1610612764,t,103
21700584,1/6/2018,1610612750,t,116
21700584,1/6/2018,1610612740,f,98
21700585,1/6/2018,1610612758,t,106
21700585,1/6/2018,1610612743,f,98
21700586,1/7/2018,1610612762,f,102
21700586,1/7/2018,1610612748,t,103
21700587,1/7/2018,1610612752,f,100
21700587,1/7/2018,1610612742,t,96
21700588,1/7/2018,1610612760,f,100
21700588,1/7/2018,1610612756,t,114
21700589,1/7/2018,1610612759,f,110
21700589,1/7/2018,1610612757,t,111
21700590,1/7/2018,1610612737,f,113
21700590,1/7/2018,1610612747,t,132
21700591,1/8/2018,1610612754,t,109
21700591,1/8/2018,1610612749,f,96
21700592,1/8/2018,1610612761,f,114
21700592,1/8/2018,1610612751,t,113
21700593,1/8/2018,1610612741,t,107
21700593,1/8/2018,1610612745,f,116
21700594,1/8/2018,1610612750,t,127
21700594,1/8/2018,1610612739,f,99
21700595,1/8/2018,1610612740,t,112
21700595,1/8/2018,1610612765,f,109
21700596,1/8/2018,1610612758,t,100
21700596,1/8/2018,1610612759,f,107
21700597,1/8/2018,1610612743,f,114
21700597,1/8/2018,1610612744,t,124
21700598,1/8/2018,1610612737,f,107
21700598,1/8/2018,1610612746,t,108
21700599,1/9/2018,1610612761,t,89
21700599,1/9/2018,1610612748,f,90
21700600,1/9/2018,1610612760,t,106
21700600,1/9/2018,1610612757,f,117
21700601,1/9/2018,1610612753,f,99
21700601,1/9/2018,1610612742,t,114
21700602,1/9/2018,1610612758,f,86
21700602,1/9/2018,1610612747,t,99
21700603,1/10/2018,1610612766,t,111
21700603,1/10/2018,1610612742,f,115
21700604,1/10/2018,1610612754,t,106
21700604,1/10/2018,1610612748,f,114
21700605,1/10/2018,1610612762,f,107
21700605,1/10/2018,1610612764,t,104
21700606,1/10/2018,1610612751,t,80
21700606,1/10/2018,1610612765,f,114
21700607,1/10/2018,1610612752,t,119
21700607,1/10/2018,1610612741,f,122
21700608,1/10/2018,1610612757,f,112
21700608,1/10/2018,1610612745,t,121
21700609,1/10/2018,1610612763,t,105
21700609,1/10/2018,1610612740,f,102
21700610,1/10/2018,1610612753,f,103
21700610,1/10/2018,1610612749,t,110
21700611,1/10/2018,1610612760,f,88
21700611,1/10/2018,1610612750,t,104
21700612,1/10/2018,1610612737,f,110
21700612,1/10/2018,1610612743,t,97
21700613,1/10/2018,1610612746,f,125
21700613,1/10/2018,1610612744,t,106
21700614,1/11/2018,1610612738,f,114
21700614,1/11/2018,1610612755,t,103
21700615,1/11/2018,1610612761,t,133
21700615,1/11/2018,1610612739,f,99
21700616,1/11/2018,1610612758,t,115
21700616,1/11/2018,1610612746,f,121
21700617,1/11/2018,1610612759,f,81
21700617,1/11/2018,1610612747,t,93
21700618,1/12/2018,1610612762,f,88
21700618,1/12/2018,1610612766,t,99
21700619,1/12/2018,1610612754,t,97
21700619,1/12/2018,1610612739,f,95
21700620,1/12/2018,1610612753,f,119
21700620,1/12/2018,1610612764,t,125
21700621,1/12/2018,1610612737,t,105
21700621,1/12/2018,1610612751,f,110
21700622,1/12/2018,1610612744,f,108
21700622,1/12/2018,1610612749,t,94
21700623,1/12/2018,1610612752,f,108
21700623,1/12/2018,1610612750,t,118
21700624,1/12/2018,1610612757,f,113
21700624,1/12/2018,1610612740,t,119
21700625,1/12/2018,1610612763,f,78
21700625,1/12/2018,1610612743,t,87
21700626,1/12/2018,1610612756,t,95
21700626,1/12/2018,1610612745,f,112
21700627,1/13/2018,1610612742,t,101
21700627,1/13/2018,1610612747,f,107
21700628,1/13/2018,1610612758,f,105
21700628,1/13/2018,1610612746,t,126
21700629,1/13/2018,1610612766,t,91
21700629,1/13/2018,1610612760,f,101
21700630,1/13/2018,1610612751,f,113
21700630,1/13/2018,1610612764,t,119
21700631,1/13/2018,1610612761,t,125
21700631,1/13/2018,1610612744,f,127
21700632,1/13/2018,1610612741,t,107
21700632,1/13/2018,1610612765,f,105
21700633,1/13/2018,1610612759,t,112
21700633,1/13/2018,1610612743,f,80
21700634,1/14/2018,1610612748,t,97
21700634,1/14/2018,1610612749,f,79
21700635,1/14/2018,1610612752,t,118
21700635,1/14/2018,1610612740,f,123
21700636,1/14/2018,1610612754,f,120
21700636,1/14/2018,1610612756,t,97
21700637,1/14/2018,1610612757,f,103
21700637,1/14/2018,1610612750,t,120
21700638,1/15/2018,1610612766,f,118
21700638,1/15/2018,1610612765,t,107
21700639,1/15/2018,1610612761,f,111
21700639,1/15/2018,1610612755,t,117
21700640,1/15/2018,1610612749,f,104
21700640,1/15/2018,1610612764,t,95
21700641,1/15/2018,1610612737,t,102
21700641,1/15/2018,1610612759,f,99
21700642,1/15/2018,1610612751,t,104
21700642,1/15/2018,1610612752,f,119
21700643,1/15/2018,1610612760,t,95
21700643,1/15/2018,1610612758,f,88
21700644,1/15/2018,1610612741,t,119
21700644,1/15/2018,1610612748,f,111
21700645,1/15/2018,1610612763,t,123
21700645,1/15/2018,1610612747,f,114
21700646,1/15/2018,1610612744,f,118
21700646,1/15/2018,1610612739,t,108
21700647,1/15/2018,1610612762,t,94
21700647,1/15/2018,1610612754,f,109
21700648,1/15/2018,1610612746,t,113
21700648,1/15/2018,1610612745,f,102
21700649,1/16/2018,1610612753,t,108
21700649,1/16/2018,1610612750,f,102
21700650,1/16/2018,1610612738,t,113
21700650,1/16/2018,1610612740,f,116
21700651,1/16/2018,1610612742,f,102
21700651,1/16/2018,1610612743,t,105
21700652,1/16/2018,1610612757,t,118
21700652,1/16/2018,1610612756,f,111
21700653,1/17/2018,1610612766,t,133
21700653,1/17/2018,1610612764,f,109
21700654,1/17/2018,1610612737,t,94
21700654,1/17/2018,1610612740,f,93
21700655,1/17/2018,1610612751,t,95
21700655,1/17/2018,1610612759,f,100
21700656,1/17/2018,1610612761,t,96
21700656,1/17/2018,1610612765,f,91
21700657,1/17/2018,1610612741,t,112
21700657,1/17/2018,1610612744,f,119
21700658,1/17/2018,1610612763,t,105
21700658,1/17/2018,1610612752,f,99
21700659,1/17/2018,1610612749,t,101
21700659,1/17/2018,1610612748,f,106
21700660,1/17/2018,1610612760,t,114
21700660,1/17/2018,1610612747,f,90
21700661,1/17/2018,1610612762,f,120
21700661,1/17/2018,1610612758,t,105
21700662,1/17/2018,1610612743,f,104
21700662,1/17/2018,1610612746,t,109
21700663,1/18/2018,1610612738,t,80
21700663,1/18/2018,1610612755,f,89
21700664,1/18/2018,1610612753,f,103
21700664,1/18/2018,1610612739,t,104
21700665,1/18/2018,1610612750,f,98
21700665,1/18/2018,1610612745,t,116
21700666,1/18/2018,1610612754,f,86
21700666,1/18/2018,1610612757,t,100
21700667,1/19/2018,1610612761,t,86
21700667,1/19/2018,1610612759,f,83
21700668,1/19/2018,1610612751,t,101
21700668,1/19/2018,1610612748,f,95
21700669,1/19/2018,1610612764,f,122
21700669,1/19/2018,1610612765,t,112
21700670,1/19/2018,1610612763,t,106
21700670,1/19/2018,1610612758,f,88
21700671,1/19/2018,1610612756,f,108
21700671,1/19/2018,1610612743,t,100
21700672,1/19/2018,1610612762,t,115
21700672,1/19/2018,1610612752,f,117
21700673,1/19/2018,1610612754,f,86
21700673,1/19/2018,1610612747,t,99
21700674,1/20/2018,1610612760,f,148
21700674,1/20/2018,1610612739,t,124
21700675,1/20/2018,1610612737,t,97
21700675,1/20/2018,1610612741,f,113
21700676,1/20/2018,1610612766,t,105
21700676,1/20/2018,1610612748,f,106
21700677,1/20/2018,1610612763,f,104
21700677,1/20/2018,1610612740,t,111
21700678,1/20/2018,1610612755,t,116
21700678,1/20/2018,1610612749,f,94
21700679,1/20/2018,1610612744,f,108
21700679,1/20/2018,1610612745,t,116
21700680,1/20/2018,1610612761,f,109
21700680,1/20/2018,1610612750,t,115
21700681,1/20/2018,1610612762,t,125
21700681,1/20/2018,1610612746,f,113
21700682,1/20/2018,1610612757,t,117
21700682,1/20/2018,1610612742,f,108
21700683,1/21/2018,1610612738,t,95
21700683,1/21/2018,1610612753,f,103
21700684,1/21/2018,1610612752,f,107
21700684,1/21/2018,1610612747,t,127
21700685,1/21/2018,1610612751,f,101
21700685,1/21/2018,1610612765,t,100
21700686,1/21/2018,1610612754,f,94
21700686,1/21/2018,1610612759,t,86
21700687,1/22/2018,1610612766,t,112
21700687,1/22/2018,1610612758,f,107
21700688,1/22/2018,1610612737,t,104
21700688,1/22/2018,1610612762,f,90
21700689,1/22/2018,1610612745,t,99
21700689,1/22/2018,1610612748,f,90
21700690,1/22/2018,1610612763,t,105
21700690,1/22/2018,1610612755,f,101
21700691,1/22/2018,1610612756,f,105
21700691,1/22/2018,1610612749,t,109
21700692,1/22/2018,1610612740,t,132
21700692,1/22/2018,1610612741,f,128
21700693,1/22/2018,1610612742,t,98
21700693,1/22/2018,1610612764,f,75
21700694,1/22/2018,1610612757,f,101
21700694,1/22/2018,1610612743,t,104
21700695,1/22/2018,1610612750,f,126
21700695,1/22/2018,1610612746,t,118
21700696,1/23/2018,1610612753,t,99
21700696,1/23/2018,1610612758,f,105
21700697,1/23/2018,1610612760,t,109
21700697,1/23/2018,1610612751,f,108
21700698,1/23/2018,1610612759,t,114
21700698,1/23/2018,1610612739,f,102
21700699,1/23/2018,1610612752,f,112
21700699,1/23/2018,1610612744,t,123
21700700,1/23/2018,1610612738,f,107
21700700,1/23/2018,1610612747,t,108
21700701,1/24/2018,1610612766,t,96
21700701,1/24/2018,1610612740,f,101
21700702,1/24/2018,1610612762,f,98
21700702,1/24/2018,1610612765,t,95
21700703,1/24/2018,1610612754,t,116
21700703,1/24/2018,1610612756,f,101
21700704,1/24/2018,1610612755,t,115
21700704,1/24/2018,1610612741,f,101
21700705,1/24/2018,1610612737,t,93
21700705,1/24/2018,1610612761,f,108
21700706,1/24/2018,1610612742,t,97
21700706,1/24/2018,1610612745,f,104
21700707,1/24/2018,1610612763,t,85
21700707,1/24/2018,1610612759,f,108
21700708,1/24/2018,1610612757,t,123
21700708,1/24/2018,1610612750,f,114
21700709,1/24/2018,1610612738,f,113
21700709,1/24/2018,1610612746,t,102
21700710,1/25/2018,1610612758,f,89
21700710,1/25/2018,1610612748,t,88
21700711,1/25/2018,1610612760,t,121
21700711,1/25/2018,1610612764,f,112
21700712,1/25/2018,1610612752,f,118
21700712,1/25/2018,1610612743,t,130
21700713,1/25/2018,1610612750,f,113
21700713,1/25/2018,1610612744,t,126
21700714,1/26/2018,1610612737,f,110
21700714,1/26/2018,1610612766,t,121
21700715,1/26/2018,1610612754,f,108
21700715,1/26/2018,1610612739,t,115
21700716,1/26/2018,1610612762,f,97
21700716,1/26/2018,1610612761,t,93
21700717,1/26/2018,1610612741,t,103
21700717,1/26/2018,1610612747,f,108
21700718,1/26/2018,1610612763,t,100
21700718,1/26/2018,1610612746,f,109
21700719,1/26/2018,1610612751,f,91
21700719,1/26/2018,1610612749,t,116
21700720,1/26/2018,1610612740,t,115
21700720,1/26/2018,1610612745,f,113
21700721,1/26/2018,1610612757,f,107
21700721,1/26/2018,1610612742,t,93
21700722,1/26/2018,1610612755,f,97
21700722,1/26/2018,1610612759,t,78
21700723,1/26/2018,1610612752,f,107
21700723,1/26/2018,1610612756,t,85
21700724,1/27/2018,1610612760,f,121
21700724,1/27/2018,1610612765,t,108
21700725,1/27/2018,1610612753,f,112
21700725,1/27/2018,1610612754,t,114
21700726,1/27/2018,1610612737,t,104
21700726,1/27/2018,1610612764,f,129
21700727,1/27/2018,1610612766,f,91
21700727,1/27/2018,1610612748,t,95
21700728,1/27/2018,1610612738,f,105
21700728,1/27/2018,1610612744,t,109
21700729,1/27/2018,1610612751,f,97
21700729,1/27/2018,1610612750,t,111
21700730,1/27/2018,1610612742,f,89
21700730,1/27/2018,1610612743,t,91
21700731,1/28/2018,1610612741,t,96
21700731,1/28/2018,1610612749,f,110
21700732,1/28/2018,1610612756,f,102
21700732,1/28/2018,1610612745,t,113
21700733,1/28/2018,1610612740,t,103
21700733,1/28/2018,1610612746,f,112
21700734,1/28/2018,1610612765,f,104
21700734,1/28/2018,1610612739,t,121
21700735,1/28/2018,1610612761,t,123
21700735,1/28/2018,1610612747,f,111
21700736,1/28/2018,1610612760,t,122
21700736,1/28/2018,1610612755,f,112
21700737,1/28/2018,1610612758,f,98
21700737,1/28/2018,1610612759,t,113
21700738,1/29/2018,1610612766,f,96
21700738,1/29/2018,1610612754,t,105
21700739,1/29/2018,1610612737,t,105
21700739,1/29/2018,1610612750,f,100
21700740,1/29/2018,1610612763,t,120
21700740,1/29/2018,1610612756,f,109
21700741,1/29/2018,1610612755,f,95
21700741,1/29/2018,1610612749,t,107
21700742,1/29/2018,1610612742,t,88
21700742,1/29/2018,1610612748,f,95
21700743,1/29/2018,1610612738,f,111
21700743,1/29/2018,1610612743,t,110
21700744,1/30/2018,1610612764,t,102
21700744,1/30/2018,1610612760,f,96
21700745,1/30/2018,1610612751,f,95
21700745,1/30/2018,1610612752,t,111
21700746,1/30/2018,1610612761,t,109
21700746,1/30/2018,1610612750,f,104
21700747,1/30/2018,1610612739,f,114
21700747,1/30/2018,1610612765,t,125
21700748,1/30/2018,1610612753,f,107
21700748,1/30/2018,1610612745,t,114
21700749,1/30/2018,1610612758,f,114
21700749,1/30/2018,1610612740,t,103
21700750,1/30/2018,1610612759,t,106
21700750,1/30/2018,1610612743,f,104
21700751,1/30/2018,1610612762,t,129
21700751,1/30/2018,1610612744,f,99
21700752,1/30/2018,1610612757,f,104
21700752,1/30/2018,1610612746,t,96
21700753,1/31/2018,1610612763,f,101
21700753,1/31/2018,1610612754,t,105
21700754,1/31/2018,1610612753,t,127
21700754,1/31/2018,1610612747,f,105
21700755,1/31/2018,1610612737,t,110
21700755,1/31/2018,1610612766,f,123
21700756,1/31/2018,1610612751,t,116
21700756,1/31/2018,1610612755,f,108
21700757,1/31/2018,1610612748,f,89
21700757,1/31/2018,1610612739,t,91
21700758,1/31/2018,1610612738,t,103
21700758,1/31/2018,1610612752,f,73
21700759,1/31/2018,1610612757,t,124
21700759,1/31/2018,1610612741,f,108
21700760,1/31/2018,1610612756,t,102
21700760,1/31/2018,1610612742,f,88
21700761,2/1/2018,1610612763,f,102
21700761,2/1/2018,1610612765,t,104
21700762,2/1/2018,1610612764,t,122
21700762,2/1/2018,1610612761,f,119
21700763,2/1/2018,1610612750,t,108
21700763,2/1/2018,1610612749,f,89
21700764,2/1/2018,1610612759,t,91
21700764,2/1/2018,1610612745,f,102
21700765,2/1/2018,1610612760,f,124
21700765,2/1/2018,1610612743,t,127
21700766,2/2/2018,1610612766,t,133
21700766,2/2/2018,1610612754,f,126
21700767,2/2/2018,1610612738,t,119
21700767,2/2/2018,1610612737,f,110
21700768,2/2/2018,1610612751,t,99
21700768,2/2/2018,1610612747,f,102
21700769,2/2/2018,1610612761,t,130
21700769,2/2/2018,1610612757,f,105
21700770,2/2/2018,1610612755,t,103
21700770,2/2/2018,1610612748,f,97
21700771,2/2/2018,1610612752,f,90
21700771,2/2/2018,1610612749,t,92
21700772,2/2/2018,1610612760,t,100
21700772,2/2/2018,1610612740,f,114
21700773,2/2/2018,1610612762,f,129
21700773,2/2/2018,1610612756,t,97
21700774,2/2/2018,1610612758,t,104
21700774,2/2/2018,1610612744,f,119
21700775,2/3/2018,1610612741,f,103
21700775,2/3/2018,1610612746,t,113
21700776,2/3/2018,1610612748,f,107
21700776,2/3/2018,1610612765,t,111
21700777,2/3/2018,1610612754,t,100
21700777,2/3/2018,1610612755,f,92
21700778,2/3/2018,1610612764,f,115
21700778,2/3/2018,1610612753,t,98
21700779,2/3/2018,1610612745,f,120
21700779,2/3/2018,1610612739,t,88
21700780,2/3/2018,1610612750,t,118
21700780,2/3/2018,1610612740,f,107
21700781,2/3/2018,1610612762,f,120
21700781,2/3/2018,1610612759,t,111
21700782,2/3/2018,1610612743,t,115
21700782,2/3/2018,1610612744,f,108
21700783,2/3/2018,1610612742,f,106
21700783,2/3/2018,1610612758,t,99
21700784,2/4/2018,1610612738,t,97
21700784,2/4/2018,1610612757,f,96
21700785,2/4/2018,1610612751,t,94
21700785,2/4/2018,1610612749,f,109
21700786,2/4/2018,1610612752,t,96
21700786,2/4/2018,1610612737,f,99
21700787,2/4/2018,1610612763,f,86
21700787,2/4/2018,1610612761,t,101
21700788,2/4/2018,1610612760,t,104
21700788,2/4/2018,1610612747,f,108
21700789,2/4/2018,1610612766,f,115
21700789,2/4/2018,1610612756,t,110
21700790,2/5/2018,1610612757,f,91
21700790,2/5/2018,1610612765,t,111
21700791,2/5/2018,1610612764,f,111
21700791,2/5/2018,1610612754,t,102
21700792,2/5/2018,1610612753,f,111
21700792,2/5/2018,1610612748,t,109
21700793,2/5/2018,1610612762,f,133
21700793,2/5/2018,1610612740,t,109
21700794,2/5/2018,1610612766,f,104
21700794,2/5/2018,1610612743,t,121
21700795,2/5/2018,1610612758,t,104
21700795,2/5/2018,1610612741,f,98
21700796,2/5/2018,1610612742,f,101
21700796,2/5/2018,1610612746,t,104
21700797,2/6/2018,1610612753,t,116
21700797,2/6/2018,1610612739,f,98
21700798,2/6/2018,1610612738,f,91
21700798,2/6/2018,1610612761,t,111
21700799,2/6/2018,1610612763,f,82
21700799,2/6/2018,1610612737,t,108
21700800,2/6/2018,1610612751,t,113
21700800,2/6/2018,1610612745,f,123
21700801,2/6/2018,1610612752,t,89
21700801,2/6/2018,1610612749,f,103
21700802,2/6/2018,1610612764,f,102
21700802,2/6/2018,1610612755,t,115
21700803,2/6/2018,1610612760,f,125
21700803,2/6/2018,1610612744,t,105
21700804,2/6/2018,1610612756,f,93
21700804,2/6/2018,1610612747,t,112
21700805,2/7/2018,1610612751,f,106
21700805,2/7/2018,1610612765,t,115
21700806,2/7/2018,1610612745,f,109
21700806,2/7/2018,1610612748,t,101
21700807,2/7/2018,1610612750,f,138
21700807,2/7/2018,1610612739,t,140
21700808,2/7/2018,1610612762,f,92
21700808,2/7/2018,1610612763,t,88
21700809,3/21/2018,1610612754,f,92
21700809,3/21/2018,1610612740,t,96
21700810,2/7/2018,1610612756,t,81
21700810,2/7/2018,1610612759,f,129
21700811,2/8/2018,1610612753,t,100
21700811,2/8/2018,1610612737,f,98
21700812,2/8/2018,1610612761,t,113
21700812,2/8/2018,1610612752,f,88
21700813,2/8/2018,1610612738,f,110
21700813,2/8/2018,1610612764,t,104
21700814,2/8/2018,1610612766,f,103
21700814,2/8/2018,1610612757,t,109
21700815,2/8/2018,1610612742,f,103
21700815,2/8/2018,1610612744,t,121
21700816,2/8/2018,1610612760,f,81
21700816,2/8/2018,1610612747,t,106
21700817,2/9/2018,1610612765,t,95
21700817,2/9/2018,1610612746,f,108
21700818,2/9/2018,1610612755,t,100
21700818,2/9/2018,1610612740,f,82
21700819,2/9/2018,1610612739,f,123
21700819,2/9/2018,1610612737,t,107
21700820,2/9/2018,1610612738,t,91
21700820,2/9/2018,1610612754,f,97
21700821,2/9/2018,1610612748,t,91
21700821,2/9/2018,1610612749,f,85
21700822,2/9/2018,1610612750,f,113
21700822,2/9/2018,1610612741,t,114
21700823,2/9/2018,1610612745,t,130
21700823,2/9/2018,1610612743,f,104
21700824,2/9/2018,1610612762,t,106
21700824,2/9/2018,1610612766,f,94
21700825,2/9/2018,1610612757,f,118
21700825,2/9/2018,1610612758,t,100
21700826,2/10/2018,1610612751,t,128
21700826,2/10/2018,1610612740,f,138
21700827,2/10/2018,1610612753,t,104
21700827,2/10/2018,1610612749,f,111
21700828,2/10/2018,1610612755,t,112
21700828,2/10/2018,1610612746,f,98
21700829,2/10/2018,1610612764,f,101
21700829,2/10/2018,1610612741,t,90
21700830,2/10/2018,1610612742,t,130
21700830,2/10/2018,1610612747,f,123
21700831,2/10/2018,1610612759,f,105
21700831,2/10/2018,1610612744,t,122
21700832,2/10/2018,1610612756,t,113
21700832,2/10/2018,1610612743,f,123
21700833,2/11/2018,1610612766,t,103
21700833,2/11/2018,1610612761,f,123
21700834,2/11/2018,1610612765,f,115
21700834,2/11/2018,1610612737,t,118
21700835,2/11/2018,1610612739,f,121
21700835,2/11/2018,1610612738,t,99
21700836,2/11/2018,1610612754,t,121
21700836,2/11/2018,1610612752,f,113
21700837,2/11/2018,1610612742,f,97
21700837,2/11/2018,1610612745,t,104
21700838,2/11/2018,1610612758,f,106
21700838,2/11/2018,1610612750,t,111
21700839,2/11/2018,1610612763,f,92
21700839,2/11/2018,1610612760,t,110
21700840,2/11/2018,1610612762,f,115
21700840,2/11/2018,1610612757,t,96
21700841,2/12/2018,1610612765,t,103
21700841,2/12/2018,1610612740,f,118
21700842,2/12/2018,1610612755,t,108
21700842,2/12/2018,1610612752,f,92
21700843,2/12/2018,1610612751,t,101
21700843,2/12/2018,1610612746,f,114
21700844,2/12/2018,1610612753,f,101
21700844,2/12/2018,1610612741,t,105
21700845,2/12/2018,1610612762,t,101
21700845,2/12/2018,1610612759,f,99
21700846,2/12/2018,1610612756,f,83
21700846,2/12/2018,1610612744,t,129
21700847,2/13/2018,1610612761,t,115
21700847,2/13/2018,1610612748,f,112
21700848,2/13/2018,1610612749,t,97
21700848,2/13/2018,1610612737,f,92
21700849,2/13/2018,1610612750,t,108
21700849,2/13/2018,1610612745,f,126
21700850,2/13/2018,1610612739,f,120
21700850,2/13/2018,1610612760,t,112
21700851,2/13/2018,1610612758,f,114
21700851,2/13/2018,1610612742,t,109
21700852,2/13/2018,1610612759,f,109
21700852,2/13/2018,1610612743,t,117
21700853,2/14/2018,1610612765,t,104
21700853,2/14/2018,1610612737,f,98
21700854,2/14/2018,1610612766,f,104
21700854,2/14/2018,1610612753,t,102
21700855,2/14/2018,1610612755,t,104
21700855,2/14/2018,1610612748,f,102
21700856,2/14/2018,1610612754,f,108
21700856,2/14/2018,1610612751,t,103
21700857,2/14/2018,1610612764,f,118
21700857,2/14/2018,1610612752,t,113
21700858,2/14/2018,1610612738,t,119
21700858,2/14/2018,1610612746,f,129
21700859,2/14/2018,1610612761,f,122
21700859,2/14/2018,1610612741,t,98
21700860,2/14/2018,1610612758,f,91
21700860,2/14/2018,1610612745,t,100
21700861,2/14/2018,1610612763,t,114
21700861,2/14/2018,1610612760,f,121
21700862,2/14/2018,1610612740,t,139
21700862,2/14/2018,1610612747,f,117
21700863,2/14/2018,1610612762,t,107
21700863,2/14/2018,1610612756,f,97
21700864,2/14/2018,1610612757,t,123
21700864,2/14/2018,1610612744,f,117
21700865,2/15/2018,1610612749,t,123
21700865,2/15/2018,1610612743,f,134
21700866,2/15/2018,1610612750,t,119
21700866,2/15/2018,1610612747,f,111
21700867,2/22/2018,1610612766,t,111
21700867,2/22/2018,1610612751,f,96
21700868,2/22/2018,1610612753,t,113
21700868,2/22/2018,1610612752,f,120
21700869,2/22/2018,1610612739,t,103
21700869,2/22/2018,1610612764,f,110
21700870,2/22/2018,1610612755,f,116
21700870,2/22/2018,1610612741,t,115
21700871,2/22/2018,1610612760,f,110
21700871,2/22/2018,1610612758,t,107
21700872,2/22/2018,1610612746,f,127
21700872,2/22/2018,1610612744,t,134
21700873,2/23/2018,1610612738,f,110
21700873,2/23/2018,1610612765,t,98
21700874,2/23/2018,1610612754,t,116
21700874,2/23/2018,1610612737,f,93
21700875,2/23/2018,1610612764,t,105
21700875,2/23/2018,1610612766,f,122
21700876,2/23/2018,1610612761,t,119
21700876,2/23/2018,1610612749,f,122
21700877,2/23/2018,1610612745,t,120
21700877,2/23/2018,1610612750,f,102
21700878,2/23/2018,1610612739,f,112
21700878,2/23/2018,1610612763,t,89
21700879,2/23/2018,1610612740,t,124
21700879,2/23/2018,1610612748,f,123
21700880,2/23/2018,1610612759,f,119
21700880,2/23/2018,1610612743,t,122
21700881,2/23/2018,1610612756,t,117
21700881,2/23/2018,1610612746,f,128
21700882,2/23/2018,1610612762,t,81
21700882,2/23/2018,1610612757,f,100
21700883,2/23/2018,1610612742,f,102
21700883,2/23/2018,1610612747,t,124
21700884,2/24/2018,1610612753,f,105
21700884,2/24/2018,1610612755,t,116
21700885,2/24/2018,1610612763,f,89
21700885,2/24/2018,1610612748,t,115
21700886,2/24/2018,1610612738,f,121
21700886,2/24/2018,1610612752,t,112
21700887,2/24/2018,1610612760,f,80
21700887,2/24/2018,1610612744,t,112
21700888,2/24/2018,1610612741,f,104
21700888,2/24/2018,1610612750,t,122
21700889,2/24/2018,1610612757,f,106
21700889,2/24/2018,1610612756,t,104
21700890,2/24/2018,1610612762,t,97
21700890,2/24/2018,1610612742,f,90
21700891,2/24/2018,1610612758,t,108
21700891,2/24/2018,1610612747,f,113
21700892,2/25/2018,1610612765,f,98
21700892,2/25/2018,1610612766,t,114
21700893,2/25/2018,1610612740,f,123
21700893,2/25/2018,1610612749,t,121
21700894,2/25/2018,1610612739,t,94
21700894,2/25/2018,1610612759,f,110
21700895,2/25/2018,1610612764,t,109
21700895,2/25/2018,1610612755,f,94
21700896,2/25/2018,1610612745,f,119
21700896,2/25/2018,1610612743,t,114
21700897,2/26/2018,1610612737,t,104
21700897,2/26/2018,1610612747,f,123
21700898,2/26/2018,1610612738,t,109
21700898,2/26/2018,1610612763,f,98
21700899,2/26/2018,1610612751,t,104
21700899,2/26/2018,1610612741,f,87
21700900,2/26/2018,1610612744,f,125
21700900,2/26/2018,1610612752,t,111
21700901,2/26/2018,1610612765,f,94
21700901,2/26/2018,1610612761,t,123
21700902,2/26/2018,1610612756,f,116
21700902,2/26/2018,1610612740,t,125
21700903,2/26/2018,1610612760,t,112
21700903,2/26/2018,1610612753,f,105
21700904,2/26/2018,1610612754,f,103
21700904,2/26/2018,1610612742,t,109
21700905,2/26/2018,1610612762,t,85
21700905,2/26/2018,1610612745,f,96
21700906,2/26/2018,1610612758,t,100
21700906,2/26/2018,1610612750,f,118
21700907,2/27/2018,1610612766,t,118
21700907,2/27/2018,1610612741,f,103
21700908,2/27/2018,1610612739,t,129
21700908,2/27/2018,1610612751,f,123
21700909,2/27/2018,1610612755,f,101
21700909,2/27/2018,1610612748,t,102
21700910,2/27/2018,1610612764,f,107
21700910,2/27/2018,1610612749,t,104
21700911,2/27/2018,1610612757,t,116
21700911,2/27/2018,1610612758,f,99
21700912,2/27/2018,1610612746,f,122
21700912,2/27/2018,1610612743,t,120
21700913,2/28/2018,1610612765,t,110
21700913,2/28/2018,1610612749,f,87
21700914,2/28/2018,1610612761,f,117
21700914,2/28/2018,1610612753,t,104
21700915,2/28/2018,1610612737,t,107
21700915,2/28/2018,1610612754,f,102
21700916,2/28/2018,1610612738,t,134
21700916,2/28/2018,1610612766,f,106
21700917,2/28/2018,1610612764,t,101
21700917,2/28/2018,1610612744,f,109
21700918,2/28/2018,1610612763,t,102
21700918,2/28/2018,1610612756,f,110
21700919,2/28/2018,1610612760,f,111
21700919,2/28/2018,1610612742,t,110
21700920,2/28/2018,1610612759,t,116
21700920,2/28/2018,1610612740,f,121
21700921,2/28/2018,1610612746,t,92
21700921,2/28/2018,1610612745,f,105
21700922,3/1/2018,1610612747,f,131
21700922,3/1/2018,1610612748,t,113
21700923,3/1/2018,1610612739,t,97
21700923,3/1/2018,1610612755,f,108
21700924,3/1/2018,1610612751,f,111
21700924,3/1/2018,1610612758,t,116
21700925,3/1/2018,1610612757,t,108
21700925,3/1/2018,1610612750,f,99
21700926,3/2/2018,1610612765,f,106
21700926,3/2/2018,1610612753,t,115
21700927,3/2/2018,1610612766,f,99
21700927,3/2/2018,1610612755,t,110
21700928,3/2/2018,1610612737,t,109
21700928,3/2/2018,1610612744,f,114
21700929,3/2/2018,1610612764,t,95
21700929,3/2/2018,1610612761,f,102
21700930,3/2/2018,1610612742,f,100
21700930,3/2/2018,1610612741,t,108
21700931,3/2/2018,1610612763,t,102
21700931,3/2/2018,1610612743,f,108
21700932,3/2/2018,1610612754,f,103
21700932,3/2/2018,1610612749,t,96
21700933,3/2/2018,1610612760,f,124
21700933,3/2/2018,1610612756,t,116
21700934,3/2/2018,1610612762,t,116
21700934,3/2/2018,1610612750,f,108
21700935,3/2/2018,1610612746,t,128
21700935,3/2/2018,1610612752,f,105
21700936,3/3/2018,1610612763,f,100
21700936,3/3/2018,1610612753,t,107
21700937,3/3/2018,1610612739,t,117
21700937,3/3/2018,1610612743,f,126
21700938,3/3/2018,1610612765,f,96
21700938,3/3/2018,1610612748,t,105
21700939,3/3/2018,1610612738,f,120
21700939,3/3/2018,1610612745,t,123
21700940,3/3/2018,1610612759,t,112
21700940,3/3/2018,1610612747,f,116
21700941,3/3/2018,1610612760,f,100
21700941,3/3/2018,1610612757,t,108
21700942,3/3/2018,1610612762,f,98
21700942,3/3/2018,1610612758,t,91
21700943,3/4/2018,1610612737,t,113
21700943,3/4/2018,1610612756,f,112
21700944,3/4/2018,1610612766,f,98
21700944,3/4/2018,1610612761,t,103
21700945,3/4/2018,1610612754,f,98
21700945,3/4/2018,1610612764,t,95
21700946,3/4/2018,1610612742,t,109
21700946,3/4/2018,1610612740,f,126
21700947,3/4/2018,1610612755,f,110
21700947,3/4/2018,1610612749,t,118
21700948,3/4/2018,1610612751,f,120
21700948,3/4/2018,1610612746,t,123
21700949,3/4/2018,1610612758,t,102
21700949,3/4/2018,1610612752,f,99
21700950,3/5/2018,1610612739,t,112
21700950,3/5/2018,1610612765,f,90
21700951,3/5/2018,1610612754,t,92
21700951,3/5/2018,1610612749,f,89
21700952,3/5/2018,1610612756,f,103
21700952,3/5/2018,1610612748,t,125
21700953,3/5/2018,1610612738,f,105
21700953,3/5/2018,1610612741,t,89
21700954,3/5/2018,1610612763,f,98
21700954,3/5/2018,1610612759,t,100
21700955,3/5/2018,1610612762,t,94
21700955,3/5/2018,1610612753,f,80
21700956,3/5/2018,1610612757,f,108
21700956,3/5/2018,1610612747,t,103
21700957,3/6/2018,1610612766,t,114
21700957,3/6/2018,1610612755,f,128
21700958,3/6/2018,1610612737,f,90
21700958,3/6/2018,1610612761,t,106
21700959,3/6/2018,1610612764,t,117
21700959,3/6/2018,1610612748,f,113
21700960,3/6/2018,1610612760,t,112
21700960,3/6/2018,1610612745,f,122
21700961,3/6/2018,1610612742,t,118
21700961,3/6/2018,1610612743,f,107
21700962,3/6/2018,1610612757,t,111
21700962,3/6/2018,1610612752,f,87
21700963,3/6/2018,1610612751,f,101
21700963,3/6/2018,1610612744,t,114
21700964,3/6/2018,1610612740,f,121
21700964,3/6/2018,1610612746,t,116
21700965,3/7/2018,1610612762,f,104
21700965,3/7/2018,1610612754,t,84
21700966,3/7/2018,1610612765,t,119
21700966,3/7/2018,1610612761,f,121
21700967,3/7/2018,1610612763,f,110
21700967,3/7/2018,1610612741,t,119
21700968,3/7/2018,1610612745,f,110
21700968,3/7/2018,1610612749,t,99
21700969,3/7/2018,1610612758,t,101
21700969,3/7/2018,1610612740,f,114
21700970,3/7/2018,1610612739,f,113
21700970,3/7/2018,1610612743,t,108
21700971,3/7/2018,1610612753,f,107
21700971,3/7/2018,1610612747,t,108
21700972,3/8/2018,1610612766,t,111
21700972,3/8/2018,1610612751,f,125
21700973,3/8/2018,1610612755,f,99
21700973,3/8/2018,1610612748,t,108
21700974,3/8/2018,1610612738,f,117
21700974,3/8/2018,1610612750,t,109
21700975,3/8/2018,1610612760,t,115
21700975,3/8/2018,1610612756,f,87
21700976,3/8/2018,1610612759,f,107
21700976,3/8/2018,1610612744,t,110
21700977,3/9/2018,1610612765,t,99
21700977,3/9/2018,1610612741,f,83
21700978,3/9/2018,1610612754,t,112
21700978,3/9/2018,1610612737,f,87
21700979,3/9/2018,1610612761,t,108
21700979,3/9/2018,1610612745,f,105
21700980,3/9/2018,1610612762,f,95
21700980,3/9/2018,1610612763,t,78
21700981,3/9/2018,1610612749,t,120
21700981,3/9/2018,1610612752,f,112
21700982,3/9/2018,1610612764,f,116
21700982,3/9/2018,1610612740,t,97
21700983,3/9/2018,1610612747,f,116
21700983,3/9/2018,1610612743,t,125
21700984,3/9/2018,1610612757,t,125
21700984,3/9/2018,1610612744,f,108
21700985,3/9/2018,1610612753,f,88
21700985,3/9/2018,1610612758,t,94
21700986,3/9/2018,1610612739,f,102
21700986,3/9/2018,1610612746,t,116
21700987,3/10/2018,1610612766,t,122
21700987,3/10/2018,1610612756,f,115
21700988,3/10/2018,1610612764,f,102
21700988,3/10/2018,1610612748,t,129
21700989,3/10/2018,1610612763,f,80
21700989,3/10/2018,1610612742,t,114
21700990,3/10/2018,1610612760,t,104
21700990,3/10/2018,1610612759,f,94
21700991,3/10/2018,1610612753,f,105
21700991,3/10/2018,1610612746,t,113
21700992,3/11/2018,1610612761,f,132
21700992,3/11/2018,1610612752,t,106
21700993,3/11/2018,1610612741,f,129
21700993,3/11/2018,1610612737,t,122
21700994,3/11/2018,1610612744,f,103
21700994,3/11/2018,1610612750,t,109
21700995,3/11/2018,1610612762,f,116
21700995,3/11/2018,1610612740,t,99
21700996,3/11/2018,1610612758,f,104
21700996,3/11/2018,1610612743,t,130
21700997,3/11/2018,1610612742,t,82
21700997,3/11/2018,1610612745,f,105
21700998,3/11/2018,1610612738,t,97
21700998,3/11/2018,1610612754,f,99
21700999,3/11/2018,1610612755,f,120
21700999,3/11/2018,1610612751,t,97
21701000,3/11/2018,1610612739,f,113
21701000,3/11/2018,1610612747,t,127
21701001,3/12/2018,1610612759,f,93
21701001,3/12/2018,1610612745,t,109
21701002,3/12/2018,1610612763,t,103
21701002,3/12/2018,1610612749,f,121
21701003,3/12/2018,1610612760,t,106
21701003,3/12/2018,1610612758,f,101
21701004,3/12/2018,1610612757,t,115
21701004,3/12/2018,1610612748,f,99
21701005,3/13/2018,1610612754,f,101
21701005,3/13/2018,1610612755,t,98
21701006,3/13/2018,1610612764,t,111
21701006,3/13/2018,1610612750,f,116
21701007,3/13/2018,1610612760,f,119
21701007,3/13/2018,1610612737,t,107
21701008,3/13/2018,1610612761,f,116
21701008,3/13/2018,1610612751,t,102
21701009,3/13/2018,1610612742,f,110
21701009,3/13/2018,1610612752,t,97
21701010,3/13/2018,1610612741,t,106
21701010,3/13/2018,1610612746,f,112
21701011,3/13/2018,1610612766,f,115
21701011,3/13/2018,1610612740,t,119
21701012,3/13/2018,1610612753,f,72
21701012,3/13/2018,1610612759,t,108
21701013,3/13/2018,1610612765,f,79
21701013,3/13/2018,1610612762,t,110
21701014,3/13/2018,1610612739,f,129
21701014,3/13/2018,1610612756,t,107
21701015,3/13/2018,1610612747,t,112
21701015,3/13/2018,1610612743,f,103
21701016,3/14/2018,1610612753,t,126
21701016,3/14/2018,1610612749,f,117
21701017,3/14/2018,1610612738,t,124
21701017,3/14/2018,1610612764,f,125
21701018,3/14/2018,1610612758,t,123
21701018,3/14/2018,1610612748,f,119
21701019,3/14/2018,1610612747,f,106
21701019,3/14/2018,1610612744,t,117
21701020,3/15/2018,1610612761,f,106
21701020,3/15/2018,1610612754,t,99
21701021,3/15/2018,1610612737,t,117
21701021,3/15/2018,1610612766,f,129
21701022,3/15/2018,1610612755,f,118
21701022,3/15/2018,1610612752,t,110
21701023,3/15/2018,1610612746,f,96
21701023,3/15/2018,1610612745,t,101
21701024,3/15/2018,1610612763,t,110
21701024,3/15/2018,1610612741,f,111
21701025,3/15/2018,1610612759,t,98
21701025,3/15/2018,1610612740,f,93
21701026,3/15/2018,1610612765,f,113
21701026,3/15/2018,1610612743,t,120
21701027,3/15/2018,1610612762,t,116
21701027,3/15/2018,1610612756,f,88
21701028,3/15/2018,1610612739,f,105
21701028,3/15/2018,1610612757,t,113
21701029,3/16/2018,1610612738,f,92
21701029,3/16/2018,1610612753,t,83
21701030,3/16/2018,1610612755,t,120
21701030,3/16/2018,1610612751,f,116
21701031,3/16/2018,1610612761,t,122
21701031,3/16/2018,1610612742,f,115
21701032,3/16/2018,1610612760,t,121
21701032,3/16/2018,1610612746,f,113
21701033,3/16/2018,1610612758,f,98
21701033,3/16/2018,1610612744,t,93
21701034,3/16/2018,1610612747,t,91
21701034,3/16/2018,1610612748,f,92
21701035,3/17/2018,1610612764,t,109
21701035,3/17/2018,1610612754,f,102
21701036,3/17/2018,1610612740,t,101
21701036,3/17/2018,1610612745,f,107
21701037,3/17/2018,1610612742,f,106
21701037,3/17/2018,1610612751,t,114
21701038,3/17/2018,1610612766,f,101
21701038,3/17/2018,1610612752,t,124
21701039,3/17/2018,1610612739,f,114
21701039,3/17/2018,1610612741,t,109
21701040,3/17/2018,1610612763,t,101
21701040,3/17/2018,1610612743,f,94
21701041,3/17/2018,1610612737,f,117
21701041,3/17/2018,1610612749,t,122
21701042,3/17/2018,1610612759,t,117
21701042,3/17/2018,1610612750,f,101
21701043,3/17/2018,1610612762,t,103
21701043,3/17/2018,1610612758,f,97
21701044,3/17/2018,1610612756,t,109
21701044,3/17/2018,1610612744,f,124
21701045,3/17/2018,1610612765,f,87
21701045,3/17/2018,1610612757,t,100
21701046,3/18/2018,1610612760,f,132
21701046,3/18/2018,1610612761,t,125
21701047,3/18/2018,1610612738,f,89
21701047,3/18/2018,1610612740,t,108
21701048,3/18/2018,1610612745,f,129
21701048,3/18/2018,1610612750,t,120
21701049,3/18/2018,1610612757,f,122
21701049,3/18/2018,1610612746,t,109
21701050,3/19/2018,1610612739,t,124
21701050,3/19/2018,1610612749,f,117
21701051,3/19/2018,1610612754,t,110
21701051,3/19/2018,1610612747,f,100
21701052,3/19/2018,1610612766,f,94
21701052,3/19/2018,1610612755,t,108
21701053,3/19/2018,1610612763,f,115
21701053,3/19/2018,1610612751,t,118
21701054,3/19/2018,1610612748,t,149
21701054,3/19/2018,1610612743,f,141
21701055,3/19/2018,1610612752,t,110
21701055,3/19/2018,1610612741,f,92
21701056,3/19/2018,1610612759,t,89
21701056,3/19/2018,1610612744,f,75
21701057,3/19/2018,1610612765,f,106
21701057,3/19/2018,1610612758,t,90
21701058,3/20/2018,1610612761,f,93
21701058,3/20/2018,1610612753,t,86
21701059,3/20/2018,1610612738,t,100
21701059,3/20/2018,1610612760,f,99
21701060,3/20/2018,1610612750,t,123
21701060,3/20/2018,1610612746,f,109
21701061,3/20/2018,1610612742,f,105
21701061,3/20/2018,1610612740,t,115
21701062,3/20/2018,1610612737,f,99
21701062,3/20/2018,1610612762,t,94
21701063,3/20/2018,1610612765,f,115
21701063,3/20/2018,1610612756,t,88
21701064,3/20/2018,1610612757,t,111
21701064,3/20/2018,1610612745,f,115
21701065,3/21/2018,1610612739,t,132
21701065,3/21/2018,1610612761,f,129
21701066,3/21/2018,1610612763,f,105
21701066,3/21/2018,1610612755,t,119
21701067,3/21/2018,1610612766,f,111
21701067,3/21/2018,1610612751,t,105
21701068,3/21/2018,1610612752,f,98
21701068,3/21/2018,1610612748,t,119
21701069,3/21/2018,1610612741,t,102
21701069,3/21/2018,1610612743,f,135
21701070,3/21/2018,1610612746,f,127
21701070,3/21/2018,1610612749,t,120
21701071,3/21/2018,1610612764,f,90
21701071,3/21/2018,1610612759,t,98
21701072,3/22/2018,1610612763,f,79
21701072,3/22/2018,1610612766,t,140
21701073,3/22/2018,1610612753,t,98
21701073,3/22/2018,1610612755,f,118
21701074,3/22/2018,1610612765,f,96
21701074,3/22/2018,1610612745,t,100
21701075,3/22/2018,1610612740,t,128
21701075,3/22/2018,1610612747,f,125
21701076,3/22/2018,1610612762,f,119
21701076,3/22/2018,1610612742,t,112
21701077,3/22/2018,1610612737,f,90
21701077,3/22/2018,1610612758,t,105
21701078,3/23/2018,1610612754,t,109
21701078,3/23/2018,1610612746,f,104
21701079,3/23/2018,1610612764,t,100
21701079,3/23/2018,1610612743,f,108
21701080,3/23/2018,1610612739,t,120
21701080,3/23/2018,1610612756,f,95
21701081,3/23/2018,1610612752,t,104
21701081,3/23/2018,1610612750,f,108
21701082,3/23/2018,1610612761,t,116
21701082,3/23/2018,1610612751,f,112
21701083,3/23/2018,1610612741,t,105
21701083,3/23/2018,1610612749,f,118
21701084,3/23/2018,1610612760,t,105
21701084,3/23/2018,1610612748,f,99
21701085,3/23/2018,1610612762,f,120
21701085,3/23/2018,1610612759,t,124
21701086,3/23/2018,1610612738,f,105
21701086,3/23/2018,1610612757,t,100
21701087,3/23/2018,1610612737,f,94
21701087,3/23/2018,1610612744,t,106
21701088,3/24/2018,1610612755,t,120
21701088,3/24/2018,1610612750,f,108
21701089,3/24/2018,1610612765,t,117
21701089,3/24/2018,1610612741,f,95
21701090,3/24/2018,1610612753,t,105
21701090,3/24/2018,1610612756,f,99
21701091,3/24/2018,1610612740,f,91
21701091,3/24/2018,1610612745,t,114
21701092,3/24/2018,1610612763,t,93
21701092,3/24/2018,1610612747,f,100
21701093,3/24/2018,1610612766,f,102
21701093,3/24/2018,1610612742,t,98
21701094,3/25/2018,1610612739,f,121
21701094,3/25/2018,1610612751,t,114
21701095,3/25/2018,1610612759,f,103
21701095,3/25/2018,1610612749,t,106
21701096,3/25/2018,1610612754,t,113
21701096,3/25/2018,1610612748,f,107
21701097,3/25/2018,1610612761,t,106
21701097,3/25/2018,1610612746,f,117
21701098,3/25/2018,1610612764,t,97
21701098,3/25/2018,1610612752,f,101
21701099,3/25/2018,1610612738,f,104
21701099,3/25/2018,1610612758,t,93
21701100,3/25/2018,1610612760,t,105
21701100,3/25/2018,1610612757,f,108
21701101,3/25/2018,1610612737,f,99
21701101,3/25/2018,1610612745,t,118
21701102,3/25/2018,1610612762,f,110
21701102,3/25/2018,1610612744,t,91
21701103,3/26/2018,1610612766,t,137
21701103,3/26/2018,1610612752,f,128
21701104,3/26/2018,1610612765,t,112
21701104,3/26/2018,1610612747,f,106
21701105,3/26/2018,1610612755,t,123
21701105,3/26/2018,1610612743,f,104
21701106,3/26/2018,1610612763,f,101
21701106,3/26/2018,1610612750,t,93
21701107,3/26/2018,1610612738,f,102
21701107,3/26/2018,1610612756,t,94
21701108,3/27/2018,1610612764,t,116
21701108,3/27/2018,1610612759,f,106
21701109,3/27/2018,1610612761,t,114
21701109,3/27/2018,1610612743,f,110
21701110,3/27/2018,1610612739,f,79
21701110,3/27/2018,1610612748,t,98
21701111,3/27/2018,1610612745,t,118
21701111,3/27/2018,1610612741,f,86
21701112,3/27/2018,1610612757,f,107
21701112,3/27/2018,1610612740,t,103
21701113,3/27/2018,1610612758,t,97
21701113,3/27/2018,1610612742,f,103
21701114,3/27/2018,1610612754,f,92
21701114,3/27/2018,1610612744,t,81
21701115,3/27/2018,1610612746,t,105
21701115,3/27/2018,1610612749,f,98
21701116,3/28/2018,1610612766,t,105
21701116,3/28/2018,1610612739,f,118
21701117,3/28/2018,1610612753,t,104
21701117,3/28/2018,1610612751,f,111
21701118,3/28/2018,1610612752,f,101
21701118,3/28/2018,1610612755,t,118
21701119,3/28/2018,1610612763,t,108
21701119,3/28/2018,1610612757,f,103
21701120,3/28/2018,1610612737,f,114
21701120,3/28/2018,1610612750,t,126
21701121,3/28/2018,1610612738,f,97
21701121,3/28/2018,1610612762,t,94
21701122,3/28/2018,1610612756,t,99
21701122,3/28/2018,1610612746,f,111
21701123,3/28/2018,1610612742,f,93
21701123,3/28/2018,1610612747,t,103
21701124,3/29/2018,1610612764,f,92
21701124,3/29/2018,1610612765,t,103
21701125,3/29/2018,1610612748,t,103
21701125,3/29/2018,1610612741,f,92
21701126,3/29/2018,1610612760,f,99
21701126,3/29/2018,1610612759,t,103
21701127,3/29/2018,1610612754,f,106
21701127,3/29/2018,1610612758,t,103
21701128,3/29/2018,1610612744,t,107
21701128,3/29/2018,1610612749,f,116
21701129,3/30/2018,1610612753,t,82
21701129,3/30/2018,1610612741,f,90
21701130,3/30/2018,1610612737,t,91
21701130,3/30/2018,1610612755,f,101
21701131,3/30/2018,1610612740,f,102
21701131,3/30/2018,1610612739,t,107
21701132,3/30/2018,1610612756,f,103
21701132,3/30/2018,1610612745,t,104
21701133,3/30/2018,1610612760,t,125
21701133,3/30/2018,1610612743,f,126
21701134,3/30/2018,1610612750,f,93
21701134,3/30/2018,1610612742,t,92
21701135,3/30/2018,1610612762,t,107
21701135,3/30/2018,1610612763,f,97
21701136,3/30/2018,1610612747,t,122
21701136,3/30/2018,1610612749,f,124
21701137,3/30/2018,1610612757,t,105
21701137,3/30/2018,1610612746,f,96
21701138,3/31/2018,1610612764,t,107
21701138,3/31/2018,1610612766,f,93
21701139,3/31/2018,1610612765,f,115
21701139,3/31/2018,1610612752,t,109
21701140,3/31/2018,1610612738,t,110
21701140,3/31/2018,1610612761,f,99
21701141,3/31/2018,1610612751,f,110
21701141,3/31/2018,1610612748,t,109
21701142,3/31/2018,1610612758,t,96
21701142,3/31/2018,1610612744,f,112
21701143,4/1/2018,1610612766,t,102
21701143,4/1/2018,1610612755,f,119
21701144,4/1/2018,1610612764,f,94
21701144,4/1/2018,1610612741,t,113
21701145,4/1/2018,1610612759,t,100
21701145,4/1/2018,1610612745,f,83
21701146,4/1/2018,1610612754,f,111
21701146,4/1/2018,1610612746,t,104
21701147,4/1/2018,1610612737,t,94
21701147,4/1/2018,1610612753,f,88
21701148,4/1/2018,1610612765,f,108
21701148,4/1/2018,1610612751,t,96
21701149,4/1/2018,1610612742,f,87
21701149,4/1/2018,1610612739,t,98
21701150,4/1/2018,1610612760,f,109
21701150,4/1/2018,1610612740,t,104
21701151,4/1/2018,1610612762,f,121
21701151,4/1/2018,1610612750,t,97
21701152,4/1/2018,1610612743,t,128
21701152,4/1/2018,1610612749,f,125
21701153,4/1/2018,1610612756,f,107
21701153,4/1/2018,1610612744,t,117
21701154,4/1/2018,1610612763,f,98
21701154,4/1/2018,1610612757,t,113
21701155,4/1/2018,1610612758,f,84
21701155,4/1/2018,1610612747,t,83
21701156,4/3/2018,1610612761,f,106
21701156,4/3/2018,1610612739,t,112
21701157,4/3/2018,1610612751,f,95
21701157,4/3/2018,1610612755,t,121
21701158,4/3/2018,1610612737,f,98
21701158,4/3/2018,1610612748,t,101
21701159,4/3/2018,1610612753,f,97
21701159,4/3/2018,1610612752,t,73
21701160,4/3/2018,1610612766,f,114
21701160,4/3/2018,1610612741,t,120
21701161,4/3/2018,1610612764,f,104
21701161,4/3/2018,1610612745,t,120
21701162,4/3/2018,1610612738,f,102
21701162,4/3/2018,1610612749,t,106
21701163,4/3/2018,1610612760,t,107
21701163,4/3/2018,1610612744,f,111
21701164,4/3/2018,1610612757,f,109
21701164,4/3/2018,1610612742,t,115
21701165,4/3/2018,1610612743,t,107
21701165,4/3/2018,1610612754,f,104
21701166,4/3/2018,1610612762,t,117
21701166,4/3/2018,1610612747,f,110
21701167,4/3/2018,1610612758,f,94
21701167,4/3/2018,1610612756,t,97
21701168,4/3/2018,1610612759,f,110
21701168,4/3/2018,1610612746,t,113
21701169,4/4/2018,1610612765,t,108
21701169,4/4/2018,1610612755,f,115
21701170,4/4/2018,1610612742,f,100
21701170,4/4/2018,1610612753,t,105
21701171,4/4/2018,1610612738,f,78
21701171,4/4/2018,1610612761,t,96
21701172,4/4/2018,1610612737,t,86
21701172,4/4/2018,1610612748,f,115
21701173,4/4/2018,1610612763,f,95
21701173,4/4/2018,1610612740,t,123
21701174,4/4/2018,1610612759,f,112
21701174,4/4/2018,1610612747,t,122
21701175,4/5/2018,1610612744,f,106
21701175,4/5/2018,1610612754,t,126
21701176,4/5/2018,1610612764,f,115
21701176,4/5/2018,1610612739,t,119
21701177,4/5/2018,1610612757,f,94
21701177,4/5/2018,1610612745,t,96
21701178,4/5/2018,1610612751,f,119
21701178,4/5/2018,1610612749,t,111
21701179,4/5/2018,1610612762,t,117
21701179,4/5/2018,1610612746,f,95
21701180,4/5/2018,1610612750,f,96
21701180,4/5/2018,1610612743,t,100
21701181,4/6/2018,1610612765,t,113
21701181,4/6/2018,1610612742,f,106
21701182,4/6/2018,1610612766,f,137
21701182,4/6/2018,1610612753,t,100
21701183,4/6/2018,1610612755,t,132
21701183,4/6/2018,1610612739,f,130
21701184,4/6/2018,1610612737,f,103
21701184,4/6/2018,1610612764,t,97
21701185,4/6/2018,1610612738,t,111
21701185,4/6/2018,1610612741,f,104
21701186,4/6/2018,1610612752,t,122
21701186,4/6/2018,1610612748,f,98
21701187,4/6/2018,1610612761,t,92
21701187,4/6/2018,1610612754,f,73
21701188,4/6/2018,1610612763,t,93
21701188,4/6/2018,1610612758,f,94
21701189,4/6/2018,1610612756,t,103
21701189,4/6/2018,1610612740,f,122
21701190,4/6/2018,1610612750,f,113
21701190,4/6/2018,1610612747,t,96
21701191,4/7/2018,1610612743,f,134
21701191,4/7/2018,1610612746,t,115
21701192,4/7/2018,1610612752,t,102
21701192,4/7/2018,1610612749,f,115
21701193,4/7/2018,1610612751,f,124
21701193,4/7/2018,1610612741,t,96
21701194,4/7/2018,1610612760,f,108
21701194,4/7/2018,1610612745,t,102
21701195,4/7/2018,1610612740,f,126
21701195,4/7/2018,1610612744,t,120
21701196,4/7/2018,1610612757,f,105
21701196,4/7/2018,1610612759,t,116
21701197,4/8/2018,1610612766,t,117
21701197,4/8/2018,1610612754,f,123
21701198,4/8/2018,1610612755,t,109
21701198,4/8/2018,1610612742,f,97
21701199,4/8/2018,1610612765,f,117
21701199,4/8/2018,1610612763,t,130
21701200,4/8/2018,1610612761,t,112
21701200,4/8/2018,1610612753,f,101
21701201,4/8/2018,1610612762,f,112
21701201,4/8/2018,1610612747,t,97
21701202,4/8/2018,1610612737,f,112
21701202,4/8/2018,1610612738,t,106
21701203,4/8/2018,1610612756,t,100
21701203,4/8/2018,1610612744,f,117
21701204,4/9/2018,1610612765,t,98
21701204,4/9/2018,1610612761,f,108
21701205,4/9/2018,1610612751,t,114
21701205,4/9/2018,1610612741,f,105
21701206,4/9/2018,1610612760,f,115
21701206,4/9/2018,1610612748,t,93
21701207,4/9/2018,1610612752,t,109
21701207,4/9/2018,1610612739,f,123
21701208,4/9/2018,1610612749,t,102
21701208,4/9/2018,1610612753,f,86
21701209,4/9/2018,1610612763,f,94
21701209,4/9/2018,1610612750,t,113
21701210,4/9/2018,1610612758,f,85
21701210,4/9/2018,1610612759,t,98
21701211,4/9/2018,1610612757,f,82
21701211,4/9/2018,1610612743,t,88
21701212,4/9/2018,1610612740,f,113
21701212,4/9/2018,1610612746,t,100
21701213,4/10/2018,1610612766,f,119
21701213,4/10/2018,1610612754,t,93
21701214,4/10/2018,1610612737,t,113
21701214,4/10/2018,1610612755,f,121
21701215,4/10/2018,1610612738,f,101
21701215,4/10/2018,1610612764,t,113
21701216,4/10/2018,1610612756,f,124
21701216,4/10/2018,1610612742,t,97
21701217,4/10/2018,1610612762,t,119
21701217,4/10/2018,1610612744,f,79
21701218,4/10/2018,1610612747,t,99
21701218,4/10/2018,1610612745,f,105
21701219,4/11/2018,1610612738,t,110
21701219,4/11/2018,1610612751,f,97
21701220,4/11/2018,1610612752,f,110
21701220,4/11/2018,1610612739,t,98
21701221,4/11/2018,1610612761,f,109
21701221,4/11/2018,1610612748,t,116
21701222,4/11/2018,1610612764,f,92
21701222,4/11/2018,1610612753,t,101
21701223,4/11/2018,1610612755,t,130
21701223,4/11/2018,1610612749,f,95
21701224,4/11/2018,1610612765,f,119
21701224,4/11/2018,1610612741,t,87
21701225,4/11/2018,1610612750,t,112
21701225,4/11/2018,1610612743,f,106
21701226,4/11/2018,1610612759,f,98
21701226,4/11/2018,1610612740,t,122
21701227,4/11/2018,1610612763,f,123
21701227,4/11/2018,1610612760,t,137
21701228,4/11/2018,1610612746,t,100
21701228,4/11/2018,1610612747,f,115
21701229,4/11/2018,1610612762,f,93
21701229,4/11/2018,1610612757,t,102
21701230,4/11/2018,1610612758,t,96
21701230,4/11/2018,1610612745,f,83
