21700105,BetOnline,1096,1610612749,1610612766,203,203,-110,-110
21700106,BetOnline,1096,1610612754,1610612739,217.5,217.5,-110,-110
21700107,BetOnline,1096,1610612737,1610612755,208.5,208.5,-117,-103
21700108,BetOnline,1096,1610612756,1610612764,228,228,-110,-110
21700109,BetOnline,1096,1610612758,1610612738,195,195,-110,-110
21700110,BetOnline,1096,1610612741,1610612748,196.5,196.5,-110,-110
21700111,BetOnline,1096,1610612745,1610612752,214.5,214.5,-120,100
21700112,BetOnline,1096,1610612753,1610612763,206,206,100,-120
21700113,BetOnline,1096,1610612750,1610612740,224.5,224.5,-115,-105
21700114,BetOnline,1096,1610612761,1610612743,217,217,-115,-105
21700115,BetOnline,1096,1610612757,1610612762,191.5,191.5,-118,-102
21700116,BetOnline,1096,1610612742,1610612746,206.5,206.5,-120,100
21700117,BetOnline,1096,1610612744,1610612759,219,219,-117,-103
21700118,BetOnline,1096,1610612747,1610612757,212,212,-110,-110
21700119,BetOnline,1096,1610612749,1610612765,204,204,-115,-105
21700120,BetOnline,1096,1610612741,1610612753,204.5,204.5,-105,-115
21700121,BetOnline,1096,1610612754,1610612755,217,217,-116,-104
21700122,BetOnline,1096,1610612739,1610612764,225,225,-115,-105
21700123,BetOnline,1096,1610612745,1610612737,214,214,-115,-105
21700124,BetOnline,1096,1610612756,1610612752,220.5,220.5,-110,-110
21700125,BetOnline,1096,1610612740,1610612742,211.5,211.5,-105,-115
21700126,BetOnline,1096,1610612766,1610612759,200,200,-115,-105
21700127,BetOnline,1096,1610612748,1610612743,216,216,-115,-105
21700128,BetOnline,1096,1610612761,1610612762,195,195,-105,-115
21700129,BetOnline,1096,1610612738,1610612760,207.5,207.5,-110,-110
21700130,BetOnline,1096,1610612751,1610612747,227.5,227.5,-115,-105
21700131,BetOnline,1096,1610612763,1610612746,200.5,200.5,-105,-115
21700132,BetOnline,1096,1610612758,1610612765,195,195,-118,-102
21700133,BetOnline,1096,1610612740,1610612741,199.5,199.5,-115,-105
21700134,BetOnline,1096,1610612742,1610612750,214,214,-108,-112
21700135,BetOnline,1096,1610612744,1610612743,232.5,232.5,-105,-115
21700136,BetOnline,1096,1610612737,1610612739,220.5,220.5,-107,-113
21700137,BetOnline,1096,1610612748,1610612746,205,205,-104,-116
21700138,BetOnline,1096,1610612738,1610612753,209,209,-120,100
21700139,BetOnline,1096,1610612764,1610612761,213.5,213.5,-110,-110
21700140,BetOnline,1096,1610612762,1610612745,205,205,-110,-110
21700141,BetOnline,1096,1610612756,1610612759,211.5,211.5,-105,-115
21700142,BetOnline,1096,1610612754,1610612752,216,216,-110,-110
21700143,BetOnline,1096,1610612766,1610612750,218,218,-110,-110
21700144,BetOnline,1096,1610612760,1610612757,211,211,-125,105
21700145,BetOnline,1096,1610612763,1610612747,206.5,206.5,-110,-110
21700146,BetOnline,1096,1610612738,1610612737,204.5,204.5,-110,-110
21700147,BetOnline,1096,1610612751,1610612756,233.5,233.5,-110,-110
21700148,BetOnline,1096,1610612748,1610612744,223.5,223.5,-111,-109
21700149,BetOnline,1096,1610612749,1610612739,221.5,221.5,-108,-112
21700150,BetOnline,1096,1610612740,1610612754,217.5,217.5,-120,100
21700151,BetOnline,1096,1610612742,1610612764,213.5,213.5,-114,-106
21700152,BetOnline,1096,1610612766,1610612752,208.5,208.5,-115,-105
21700153,BetOnline,1096,1610612741,1610612761,201,201,-110,-110
21700154,BetOnline,1096,1610612746,1610612759,204,204,-106,-114
21700155,BetOnline,1096,1610612751,1610612743,230,230,-110,-110
21700156,BetOnline,1096,1610612755,1610612762,204,204,-102,-118
21700157,BetOnline,1096,1610612763,1610612757,200.5,200.5,-110,-110
21700158,BetOnline,1096,1610612760,1610612758,203,203,-110,-110
21700159,BetOnline,1096,1610612754,1610612765,209.5,209.5,-110,-110
21700160,BetOnline,1096,1610612752,1610612753,214.5,214.5,-110,-110
21700161,BetOnline,1096,1610612747,1610612738,215,215,-110,-110
21700162,BetOnline,1096,1610612748,1610612756,217,217,-110,-110
21700163,BetOnline,1096,1610612750,1610612744,227,227,-110,-110
21700164,BetOnline,1096,1610612747,1610612764,224,224,-115,-105
21700165,BetOnline,1096,1610612740,1610612761,215,215,-115,-105
21700166,BetOnline,1096,1610612739,1610612745,228,228,-110,-110
21700167,BetOnline,1096,1610612755,1610612758,207.5,207.5,-110,-110
21700168,BetOnline,1096,1610612760,1610612743,215.5,215.5,-110,-110
21700169,BetOnline,1096,1610612737,1610612765,209,209,-118,-102
21700170,BetOnline,1096,1610612766,1610612738,204,204,-115,-105
21700171,BetOnline,1096,1610612754,1610612741,202,202,-105,-115
21700172,BetOnline,1096,1610612746,1610612760,209.5,209.5,-115,-105
21700173,BetOnline,1096,1610612749,1610612759,204.5,204.5,-110,-110
21700174,BetOnline,1096,1610612753,1610612756,227,227,-115,-105
21700175,BetOnline,1096,1610612748,1610612762,193.5,193.5,-114,-106
21700176,BetOnline,1096,1610612751,1610612757,218.5,218.5,-118,-102
21700177,BetOnline,1096,1610612737,1610612764,216.5,216.5,-106,-114
21700178,BetOnline,1096,1610612746,1610612740,218,218,-110,-110
21700179,BetOnline,1096,1610612758,1610612752,201.5,201.5,-108,-112
21700180,BetOnline,1096,1610612763,1610612745,210,210,-110,-110
21700181,BetOnline,1096,1610612739,1610612742,214,214,-112,-108
21700182,BetOnline,1096,1610612747,1610612749,217.5,217.5,-115,-105
21700183,BetOnline,1096,1610612741,1610612759,190,190,-106,-114
21700184,BetOnline,1096,1610612755,1610612744,232,232,-115,-105
21700185,BetOnline,1096,1610612753,1610612743,216.5,216.5,-114,-106
21700186,BetOnline,1096,1610612750,1610612756,232,232,-108,-112
21700187,BetOnline,1096,1610612751,1610612762,208.5,208.5,-110,-110
21700188,BetOnline,1096,1610612761,1610612738,202,202,-112,-108
21700189,BetOnline,1096,1610612748,1610612765,200.5,200.5,-110,-110
21700190,BetOnline,1096,1610612745,1610612754,226,226,-115,-105
21700191,BetOnline,1096,1610612742,1610612760,203,203,-110,-110
21700192,BetOnline,1096,1610612758,1610612764,208,208,-120,100
21700193,BetOnline,1096,1610612739,1610612752,221.5,221.5,-105,-115
21700194,BetOnline,1096,1610612763,1610612749,200,200,-108,-112
21700195,BetOnline,1096,1610612737,1610612740,217,217,-108,-112
21700196,BetOnline,1096,1610612747,1610612756,230,230,-115,-105
21700197,BetOnline,1096,1610612750,1610612762,209.5,209.5,-110,-110
21700198,BetOnline,1096,1610612743,1610612757,212.5,212.5,-115,-105
21700199,BetOnline,1096,1610612753,1610612744,223,223,-115,-105
21700200,BetOnline,1096,1610612755,1610612746,223,223,-115,-105
21700201,BetOnline,1096,1610612738,1610612751,209,209,-110,-110
21700202,BetOnline,1096,1610612761,1610612745,218,218,-110,-110
21700203,BetOnline,1096,1610612759,1610612742,200,200,-105,-115
21700204,BetOnline,1096,1610612758,1610612737,205,205,-110,-110
21700205,BetOnline,1096,1610612764,1610612748,211.5,211.5,-112,-108
21700206,BetOnline,1096,1610612762,1610612752,203,203,-105,-115
21700207,BetOnline,1096,1610612739,1610612766,218.5,218.5,-112,-108
21700208,BetOnline,1096,1610612754,1610612763,203.5,203.5,-108,-112
21700209,BetOnline,1096,1610612765,1610612749,204.5,204.5,-108,-112
21700210,BetOnline,1096,1610612759,1610612750,209,209,-110,-110
21700211,BetOnline,1096,1610612761,1610612740,217.5,217.5,-108,-112
21700212,BetOnline,1096,1610612741,1610612760,204.5,204.5,-110,-110
21700213,BetOnline,1096,1610612753,1610612757,214.5,214.5,-108,-112
21700214,BetOnline,1096,1610612755,1610612747,220.5,220.5,-114,-106
21700215,BetOnline,1096,1610612744,1610612738,218.5,218.5,-115,-105
21700216,BetOnline,1096,1610612745,1610612756,230.5,230.5,-110,-110
21700217,BetOnline,1096,1610612765,1610612754,211.5,211.5,-113,-107
21700218,BetOnline,1096,1610612748,1610612764,205.5,205.5,-110,-110
21700219,BetOnline,1096,1610612762,1610612751,209.5,209.5,-108,-112
21700220,BetOnline,1096,1610612746,1610612739,223.5,223.5,-103,-117
21700221,BetOnline,1096,1610612752,1610612761,217,217,-107,-113
21700222,BetOnline,1096,1610612766,1610612741,198.5,198.5,-112,-108
21700223,BetOnline,1096,1610612760,1610612759,200.5,200.5,-110,-110
21700224,BetOnline,1096,1610612750,1610612742,211.5,211.5,-110,-110
21700225,BetOnline,1096,1610612757,1610612758,199,199,-112,-108
21700226,BetOnline,1096,1610612740,1610612743,221.5,221.5,-112,-108
21700227,BetOnline,1096,1610612756,1610612747,228.5,228.5,-110,-110
21700228,BetOnline,1096,1610612746,1610612766,213,213,-112,-108
21700229,BetOnline,1096,1610612762,1610612753,207,207,-115,-105
21700230,BetOnline,1096,1610612738,1610612737,202.5,202.5,-112,-108
21700231,BetOnline,1096,1610612744,1610612755,233,233,-107,-113
21700232,BetOnline,1096,1610612745,1610612763,214,214,-108,-112
21700233,BetOnline,1096,1610612749,1610612742,203.5,203.5,-110,-110
21700234,BetOnline,1096,1610612758,1610612757,195,195,-112,-108
21700235,BetOnline,1096,1610612754,1610612748,208.5,208.5,-105,-115
21700236,BetOnline,1096,1610612744,1610612751,230,230,-105,-115
21700237,BetOnline,1096,1610612764,1610612761,208.5,208.5,-112,-108
21700238,BetOnline,1096,1610612765,1610612750,208.5,208.5,-117,-103
21700239,BetOnline,1096,1610612741,1610612756,215.5,215.5,-120,100
21700240,BetOnline,1096,1610612743,1610612747,222.5,222.5,-115,-105
21700241,BetOnline,1096,1610612750,1610612766,211,211,-110,-110
21700242,BetOnline,1096,1610612739,1610612765,218,218,-110,-110
21700243,BetOnline,1096,1610612754,1610612753,218.5,218.5,-113,-107
21700244,BetOnline,1096,1610612762,1610612755,211,211,-102,-118
21700245,BetOnline,1096,1610612746,1610612752,208.5,208.5,-110,-110
21700246,BetOnline,1096,1610612757,1610612763,197.5,197.5,-108,-112
21700247,BetOnline,1096,1610612764,1610612749,208,208,-112,-108
21700248,BetOnline,1096,1610612760,1610612740,213.5,213.5,-106,-114
21700249,BetOnline,1096,1610612738,1610612742,200.5,200.5,-110,-110
21700250,BetOnline,1096,1610612737,1610612759,203.5,203.5,-110,-110
21700251,BetOnline,1096,1610612743,1610612758,210.5,210.5,-110,-110
21700252,BetOnline,1096,1610612741,1610612747,211.5,211.5,-115,-105
21700253,BetOnline,1096,1610612764,1610612766,208,208,-111,-109
21700254,BetOnline,1096,1610612751,1610612739,228,228,-105,-115
21700255,BetOnline,1096,1610612757,1610612755,211,211,-114,-106
21700256,BetOnline,1096,1610612746,1610612737,209,209,-110,-110
21700257,BetOnline,1096,1610612738,1610612748,195.5,195.5,-111,-109
21700258,BetOnline,1096,1610612761,1610612752,210.5,210.5,-110,-110
21700259,BetOnline,1096,1610612743,1610612745,223.5,223.5,-104,-116
21700260,BetOnline,1096,1610612742,1610612763,199.5,199.5,-112,-108
21700261,BetOnline,1096,1610612753,1610612750,217.5,217.5,-110,-110
21700262,BetOnline,1096,1610612759,1610612740,207,207,-113,-107
21700263,BetOnline,1096,1610612744,1610612760,222,222,-110,-110
21700264,BetOnline,1096,1610612749,1610612756,219,219,-110,-110
21700265,BetOnline,1096,1610612741,1610612762,195.5,195.5,-108,-112
21700266,BetOnline,1096,1610612747,1610612758,205.5,205.5,-112,-108
21700267,BetOnline,1096,1610612757,1610612751,210.5,210.5,-115,-105
21700268,BetOnline,1096,1610612752,1610612737,206.5,206.5,-107,-113
21700269,BetOnline,1096,1610612753,1610612738,208.5,208.5,-114,-106
21700270,BetOnline,1096,1610612766,1610612739,217.5,217.5,-108,-112
21700271,BetOnline,1096,1610612761,1610612754,216.5,216.5,-110,-110
21700272,BetOnline,1096,1610612748,1610612750,207,207,-113,-107
21700273,BetOnline,1096,1610612765,1610612760,201.5,201.5,-108,-112
21700274,BetOnline,1096,1610612763,1610612743,211,211,-114,-106
21700275,BetOnline,1096,1610612740,1610612756,226,226,-110,-110
21700276,BetOnline,1096,1610612741,1610612744,212,212,-111,-109
21700277,BetOnline,1096,1610612759,1610612766,201.5,201.5,-110,-110
21700278,BetOnline,1096,1610612753,1610612755,221,221,-111,-109
21700279,BetOnline,1096,1610612757,1610612764,202.5,202.5,-108,-112
21700280,BetOnline,1096,1610612761,1610612737,208.5,208.5,-108,-112
21700281,BetOnline,1096,1610612738,1610612754,204.5,204.5,-110,-110
21700282,BetOnline,1096,1610612752,1610612745,214,214,-110,-110
21700283,BetOnline,1096,1610612760,1610612742,204.5,204.5,-113,-107
21700284,BetOnline,1096,1610612740,1610612744,228,228,-108,-112
21700285,BetOnline,1096,1610612749,1610612762,196.5,196.5,-109,-111
21700286,BetOnline,1096,1610612746,1610612758,202.5,202.5,-108,-112
21700287,BetOnline,1096,1610612748,1610612741,195.5,195.5,-108,-112
21700288,BetOnline,1096,1610612756,1610612750,220.5,220.5,-110,-110
21700289,BetOnline,1096,1610612751,1610612763,212,212,-110,-110
21700290,BetOnline,1096,1610612753,1610612754,218,218,-110,-110
21700291,BetOnline,1096,1610612739,1610612755,224.5,224.5,-115,-105
21700292,BetOnline,1096,1610612765,1610612738,198.5,198.5,-110,-110
21700293,BetOnline,1096,1610612757,1610612752,204,204,-109,-111
21700294,BetOnline,1096,1610612751,1610612745,224,224,-105,-115
21700295,BetOnline,1096,1610612742,1610612759,194.5,194.5,-112,-108
21700296,BetOnline,1096,1610612758,1610612744,204.5,204.5,-110,-110
21700297,BetOnline,1096,1610612747,1610612746,216.5,216.5,-108,-112
21700298,BetOnline,1096,1610612748,1610612739,210,210,-111,-109
21700299,BetOnline,1096,1610612756,1610612741,213.5,213.5,-110,-110
21700300,BetOnline,1096,1610612764,1610612750,209.5,209.5,-110,-110
21700301,BetOnline,1096,1610612743,1610612762,206,206,-115,-105
21700302,BetOnline,1096,1610612749,1610612758,196.5,196.5,-111,-109
21700303,BetOnline,1096,1610612756,1610612765,216.5,216.5,-110,-110
21700304,BetOnline,1096,1610612760,1610612753,213.5,213.5,-110,-110
21700305,BetOnline,1096,1610612764,1610612755,211.5,211.5,-110,-110
21700306,BetOnline,1096,1610612748,1610612752,206.5,206.5,-113,-107
21700307,BetOnline,1096,1610612766,1610612761,205,205,-106,-114
21700308,BetOnline,1096,1610612754,1610612745,224.5,224.5,-110,-110
21700309,BetOnline,1096,1610612750,1610612740,215,215,-110,-110
21700310,BetOnline,1096,1610612751,1610612742,211,211,-110,-110
21700311,BetOnline,1096,1610612763,1610612759,195,195,-111,-109
21700312,BetOnline,1096,1610612744,1610612747,228.5,228.5,-110,-110
21700313,BetOnline,1096,1610612739,1610612737,218,218,-110,-110
21700314,BetOnline,1096,1610612755,1610612738,211.5,211.5,-115,-105
21700315,BetOnline,1096,1610612741,1610612743,209,209,-113,-107
21700316,BetOnline,1096,1610612749,1610612757,200.5,200.5,-112,-108
21700317,BetOnline,1096,1610612762,1610612746,202.5,202.5,-107,-113
21700318,BetOnline,1096,1610612744,1610612753,228.5,228.5,-114,-106
21700319,BetOnline,1096,1610612754,1610612761,217,217,-110,-110
21700320,BetOnline,1096,1610612765,1610612764,203.5,203.5,-110,-110
21700321,BetOnline,1096,1610612766,1610612748,206,206,-110,-110
21700322,BetOnline,1096,1610612758,1610612741,195.5,195.5,-105,-115
21700323,BetOnline,1096,1610612759,1610612763,192.5,192.5,-109,-111
21700324,BetOnline,1096,1610612750,1610612760,208,208,-109,-111
21700325,BetOnline,1096,1610612740,1610612762,205,205,-110,-110
21700326,BetOnline,1096,1610612756,1610612738,216,216,-110,-110
21700327,BetOnline,1096,1610612746,1610612742,209,209,-105,-115
21700328,BetOnline,1096,1610612737,1610612751,217,217,-121,101
21700329,BetOnline,1096,1610612763,1610612739,206,206,-114,-106
21700330,BetOnline,1096,1610612765,1610612755,213,213,-113,-107
21700331,BetOnline,1096,1610612758,1610612749,199.5,199.5,-115,-105
21700332,BetOnline,1096,1610612747,1610612743,221.5,221.5,-110,-110
21700333,BetOnline,1096,1610612740,1610612757,210.5,210.5,-111,-109
21700334,BetOnline,1096,1610612753,1610612752,212,212,-108,-112
21700335,BetOnline,1096,1610612744,1610612748,221.5,221.5,-115,-105
21700336,BetOnline,1096,1610612746,1610612750,214,214,-110,-110
21700337,BetOnline,1096,1610612759,1610612760,198.5,198.5,-120,100
21700338,BetOnline,1096,1610612745,1610612747,223,223,-115,-105
21700339,BetOnline,1096,1610612753,1610612766,218.5,218.5,-110,-110
21700340,BetOnline,1096,1610612752,1610612754,212,212,-111,-109
21700341,BetOnline,1096,1610612756,1610612755,227.5,227.5,-115,-105
21700342,BetOnline,1096,1610612751,1610612737,222,222,-112,-108
21700343,BetOnline,1096,1610612749,1610612738,203.5,203.5,-112,-108
21700344,BetOnline,1096,1610612739,1610612741,210,210,-115,-105
21700345,BetOnline,1096,1610612750,1610612763,201,201,-110,-110
21700346,BetOnline,1096,1610612744,1610612740,228,228,-114,-106
21700347,BetOnline,1096,1610612743,1610612742,209.5,209.5,-112,-108
21700348,BetOnline,1096,1610612765,1610612759,200.5,200.5,-105,-115
21700349,BetOnline,1096,1610612764,1610612762,196.5,196.5,-105,-115
21700350,BetOnline,1096,1610612756,1610612761,224.5,224.5,-112,-108
21700351,BetOnline,1096,1610612762,1610612760,199,199,-110,-110
21700352,BetOnline,1096,1610612764,1610612757,203,203,-110,-110
21700353,BetOnline,1096,1610612758,1610612739,210,210,-115,-105
21700354,BetOnline,1096,1610612741,1610612754,207.5,207.5,-110,-110
21700355,BetOnline,1096,1610612737,1610612753,215.5,215.5,-108,-112
21700356,BetOnline,1096,1610612742,1610612738,201.5,201.5,-115,-105
21700357,BetOnline,1096,1610612763,1610612752,197,197,-115,-105
21700358,BetOnline,1096,1610612744,1610612766,215,215,-110,-110
21700359,BetOnline,1096,1610612765,1610612749,203.5,203.5,-115,-105
21700360,BetOnline,1096,1610612743,1610612740,222,222,-110,-110
21700361,BetOnline,1096,1610612748,1610612759,197.5,197.5,-115,-105
21700362,BetOnline,1096,1610612750,1610612746,210.5,210.5,-105,-115
21700363,BetOnline,1096,1610612747,1610612755,222,222,-110,-110
21700364,BetOnline,1096,1610612764,1610612756,213,213,-112,-108
21700365,BetOnline,1096,1610612760,1610612751,215.5,215.5,-112,-108
21700366,BetOnline,1096,1610612745,1610612762,211,211,-108,-112
21700367,BetOnline,1096,1610612741,1610612766,202.5,202.5,-115,-105
21700368,BetOnline,1096,1610612744,1610612765,211.5,211.5,-110,-110
21700369,BetOnline,1096,1610612739,1610612754,221,221,-110,-110
21700370,BetOnline,1096,1610612743,1610612753,218,218,-110,-110
21700371,BetOnline,1096,1610612761,1610612763,201.5,201.5,-105,-115
21700372,BetOnline,1096,1610612742,1610612749,201,201,-105,-115
21700373,BetOnline,1096,1610612758,1610612740,208.5,208.5,-110,-110
21700374,BetOnline,1096,1610612738,1610612759,197.5,197.5,-115,-105
21700375,BetOnline,1096,1610612764,1610612746,205,205,-110,-110
21700376,BetOnline,1096,1610612748,1610612751,212.5,212.5,-109,-111
21700377,BetOnline,1096,1610612747,1610612766,211.5,211.5,-105,-115
21700378,BetOnline,1096,1610612753,1610612737,208.5,208.5,-111,-109
21700379,BetOnline,1096,1610612755,1610612739,220.5,220.5,-110,-110
21700380,BetOnline,1096,1610612752,1610612741,200,200,-113,-107
21700381,BetOnline,1096,1610612762,1610612749,197,197,-114,-106
21700382,BetOnline,1096,1610612760,1610612763,197,197,-112,-108
21700383,BetOnline,1096,1610612759,1610612756,205.5,205.5,-115,-105
21700384,BetOnline,1096,1610612745,1610612757,218,218,-110,-110
21700385,BetOnline,1096,1610612761,1610612758,207,207,-106,-114
21700386,BetOnline,1096,1610612738,1610612765,201.5,201.5,-105,-115
21700387,BetOnline,1096,1610612743,1610612754,217.5,217.5,-110,-110
21700388,BetOnline,1096,1610612742,1610612750,207.5,207.5,-120,100
21700389,BetOnline,1096,1610612755,1610612740,218,218,-110,-110
21700390,BetOnline,1096,1610612737,1610612752,206.5,206.5,-110,-110
21700391,BetOnline,1096,1610612738,1610612741,193.5,193.5,-110,-110
21700392,BetOnline,1096,1610612740,1610612745,227,227,-110,-110
21700393,BetOnline,1096,1610612748,1610612763,194.5,194.5,-107,-113
21700394,BetOnline,1096,1610612766,1610612760,207,207,-110,-110
21700395,BetOnline,1096,1610612757,1610612744,217.5,217.5,-110,-110
21700396,BetOnline,1096,1610612761,1610612746,215.5,215.5,-110,-110
21700397,BetOnline,1096,1610612737,1610612739,215,215,-107,-113
21700398,BetOnline,1096,1610612743,1610612765,211,211,-109,-111
21700399,BetOnline,1096,1610612747,1610612752,211,211,-112,-108
21700400,BetOnline,1096,1610612764,1610612751,214.5,214.5,-109,-111
21700401,BetOnline,1096,1610612755,1610612750,215.5,215.5,-110,-110
21700402,BetOnline,1096,1610612759,1610612742,200.5,200.5,-110,-110
21700403,BetOnline,1096,1610612756,1610612758,210,210,-106,-114
21700404,BetOnline,1096,1610612760,1610612754,214,214,-110,-110
21700405,BetOnline,1096,1610612746,1610612753,210.5,210.5,-104,-116
21700406,BetOnline,1096,1610612763,1610612764,200.5,200.5,-110,-110
21700407,BetOnline,1096,1610612743,1610612738,208.5,208.5,-110,-110
21700408,BetOnline,1096,1610612757,1610612748,204,204,-107,-113
21700409,BetOnline,1096,1610612762,1610612741,196.5,196.5,-110,-110
21700410,BetOnline,1096,1610612749,1610612740,217.5,217.5,-115,-105
21700411,BetOnline,1096,1610612761,1610612756,221,221,-110,-110
21700412,BetOnline,1096,1610612766,1610612745,219.5,219.5,-110,-110
21700413,BetOnline,1096,1610612765,1610612737,205.5,205.5,-107,-113
21700414,BetOnline,1096,1610612752,1610612751,213,213,-108,-112
21700415,BetOnline,1096,1610612747,1610612739,221,221,-110,-110
21700416,BetOnline,1096,1610612758,1610612750,201.5,201.5,-112,-108
21700417,BetOnline,1096,1610612742,1610612744,210,210,-110,-110
21700418,BetOnline,1096,1610612748,1610612766,203.5,203.5,-110,-110
21700419,BetOnline,1096,1610612765,1610612754,208,208,-112,-108
21700420,BetOnline,1096,1610612757,1610612753,208,208,-110,-110
21700421,BetOnline,1096,1610612760,1610612755,213.5,213.5,-110,-110
21700422,BetOnline,1096,1610612746,1610612764,209,209,-107,-113
21700423,BetOnline,1096,1610612762,1610612738,197.5,197.5,-107,-113
21700424,BetOnline,1096,1610612751,1610612761,218,218,-110,-110
21700425,BetOnline,1096,1610612737,1610612763,199,199,-110,-110
21700426,BetOnline,1096,1610612741,1610612749,204.5,204.5,-110,-110
21700427,BetOnline,1096,1610612740,1610612743,222,222,-110,-110
21700428,BetOnline,1096,1610612759,1610612745,214.5,214.5,-110,-110
21700429,BetOnline,1096,1610612757,1610612766,205.5,205.5,-112,-108
21700430,BetOnline,1096,1610612762,1610612739,212,212,-110,-110
21700431,BetOnline,1096,1610612760,1610612752,202,202,-108,-112
21700432,BetOnline,1096,1610612746,1610612748,205.5,205.5,-113,-107
21700433,BetOnline,1096,1610612749,1610612745,222,222,-110,-110
21700434,BetOnline,1096,1610612756,1610612750,217.5,217.5,-110,-110
21700435,BetOnline,1096,1610612742,1610612759,198.5,198.5,-110,-110
21700436,BetOnline,1096,1610612738,1610612763,195,195,-110,-110
21700437,BetOnline,1096,1610612758,1610612761,203,203,-110,-110
21700438,BetOnline,1096,1610612753,1610612765,204,204,-110,-110
21700439,BetOnline,1096,1610612754,1610612751,219.5,219.5,-115,-105
21700440,BetOnline,1096,1610612739,1610612764,216,216,-110,-110
21700441,BetOnline,1096,1610612752,1610612766,206,206,-113,-107
21700442,BetOnline,1096,1610612738,1610612754,206.5,206.5,-115,-105
21700443,BetOnline,1096,1610612748,1610612737,201.5,201.5,-110,-110
21700444,BetOnline,1096,1610612755,1610612741,209.5,209.5,-113,-107
21700445,BetOnline,1096,1610612762,1610612745,216.5,216.5,-113,-107
21700446,BetOnline,1096,1610612757,1610612750,207.5,207.5,-110,-110
21700447,BetOnline,1096,1610612743,1610612760,211,211,-113,-107
21700448,BetOnline,1096,1610612756,1610612742,209,209,-110,-110
21700449,BetOnline,1096,1610612746,1610612759,199.5,199.5,-110,-110
21700450,BetOnline,1096,1610612744,1610612747,219,219,-114,-106
21700451,BetOnline,1096,1610612758,1610612755,207.5,207.5,-107,-113
21700452,BetOnline,1096,1610612740,1610612764,216.5,216.5,-110,-110
21700453,BetOnline,1096,1610612739,1610612749,215,215,-110,-110
21700454,BetOnline,1096,1610612761,1610612766,212,212,-113,-107
21700455,BetOnline,1096,1610612754,1610612737,213,213,-110,-110
21700456,BetOnline,1096,1610612748,1610612738,200,200,-110,-110
21700457,BetOnline,1096,1610612758,1610612751,206,206,-114,-106
21700458,BetOnline,1096,1610612753,1610612741,210.5,210.5,-105,-115
21700459,BetOnline,1096,1610612747,1610612745,225.5,225.5,-110,-110
21700460,BetOnline,1096,1610612762,1610612760,196.5,196.5,-105,-115
21700461,BetOnline,1096,1610612765,1610612742,197.5,197.5,-110,-110
21700462,BetOnline,1096,1610612750,1610612743,214.5,214.5,-111,-109
21700463,BetOnline,1096,1610612759,1610612757,198.5,198.5,-106,-114
21700464,BetOnline,1096,1610612763,1610612744,204.5,204.5,-111,-109
21700465,BetOnline,1096,1610612756,1610612746,215,215,-110,-110
21700466,BetOnline,1096,1610612741,1610612739,216,216,-110,-110
21700467,BetOnline,1096,1610612761,1610612755,217.5,217.5,-110,-110
21700468,BetOnline,1096,1610612738,1610612752,203.5,203.5,-110,-110
21700469,BetOnline,1096,1610612763,1610612756,202.5,202.5,-110,-110
21700470,BetOnline,1096,1610612759,1610612762,195,195,-110,-110
21700471,BetOnline,1096,1610612752,1610612765,202,202,-110,-110
21700472,BetOnline,1096,1610612740,1610612753,218,218,-110,-110
21700473,BetOnline,1096,1610612764,1610612751,215.5,215.5,-112,-108
21700474,BetOnline,1096,1610612742,1610612748,195.5,195.5,-110,-110
21700475,BetOnline,1096,1610612746,1610612745,220,220,-111,-109
21700476,BetOnline,1096,1610612766,1610612749,209,209,-105,-115
21700477,BetOnline,1096,1610612737,1610612760,204,204,-114,-106
21700478,BetOnline,1096,1610612743,1610612757,203,203,-108,-112
21700479,BetOnline,1096,1610612747,1610612744,216,216,-110,-110
21700480,BetOnline,1096,1610612755,1610612761,218,218,-107,-113
21700481,BetOnline,1096,1610612749,1610612766,207,207,-110,-110
21700482,BetOnline,1096,1610612751,1610612754,216,216,-112,-108
21700483,BetOnline,1096,1610612753,1610612764,212,212,-111,-109
21700484,BetOnline,1096,1610612742,1610612737,203.5,203.5,-110,-110
21700485,BetOnline,1096,1610612741,1610612738,204.5,204.5,-112,-108
21700486,BetOnline,1096,1610612740,1610612748,209,209,-107,-113
21700487,BetOnline,1096,1610612746,1610612763,197.5,197.5,-112,-108
21700488,BetOnline,1096,1610612760,1610612762,197.5,197.5,-110,-110
21700489,BetOnline,1096,1610612743,1610612744,217.5,217.5,-110,-110
21700490,BetOnline,1096,1610612750,1610612756,217,217,-113,-107
21700491,BetOnline,1096,1610612757,1610612747,200.5,200.5,-113,-107
21700492,BetOnline,1096,1610612759,1610612758,196,196,-105,-115
21700493,BetOnline,1096,1610612755,1610612752,211.5,211.5,-113,-107
21700494,BetOnline,1096,1610612739,1610612744,215.5,215.5,-112,-108
21700495,BetOnline,1096,1610612764,1610612738,208.5,208.5,-125,105
21700496,BetOnline,1096,1610612745,1610612760,219.5,219.5,-105,-115
21700497,BetOnline,1096,1610612750,1610612747,216,216,-115,-105
21700498,BetOnline,1096,1610612754,1610612765,207.5,207.5,-112,-108
21700499,BetOnline,1096,1610612761,1610612742,209.5,209.5,-112,-108
21700500,BetOnline,1096,1610612753,1610612748,204.5,204.5,-110,-110
21700501,BetOnline,1096,1610612741,1610612749,211.5,211.5,-105,-115
21700502,BetOnline,1096,1610612751,1610612759,206.5,206.5,-113,-107
21700503,BetOnline,1096,1610612762,1610612743,205.5,205.5,-110,-110
21700504,BetOnline,1096,1610612763,1610612756,204.5,204.5,-109,-111
21700505,BetOnline,1096,1610612758,1610612746,206,206,-107,-113
21700506,BetOnline,1096,1610612738,1610612766,207,207,-110,-110
21700507,BetOnline,1096,1610612742,1610612754,203,203,-105,-115
21700508,BetOnline,1096,1610612764,1610612737,214,214,-110,-110
21700509,BetOnline,1096,1610612752,1610612741,208,208,-115,-105
21700510,BetOnline,1096,1610612743,1610612750,211.5,211.5,-109,-111
21700511,BetOnline,1096,1610612751,1610612740,221.5,221.5,-111,-109
21700512,BetOnline,1096,1610612761,1610612760,209,209,-112,-108
21700513,BetOnline,1096,1610612739,1610612758,208,208,-118,-102
21700514,BetOnline,1096,1610612762,1610612744,204,204,-105,-115
21700515,BetOnline,1096,1610612763,1610612747,203,203,-110,-110
21700516,BetOnline,1096,1610612765,1610612753,205.5,205.5,-110,-110
21700517,BetOnline,1096,1610612745,1610612738,216.5,216.5,-112,-108
21700518,BetOnline,1096,1610612750,1610612749,212,212,-112,-108
21700519,BetOnline,1096,1610612752,1610612759,199.5,199.5,-107,-113
21700520,BetOnline,1096,1610612755,1610612757,207,207,-110,-110
21700521,BetOnline,1096,1610612745,1610612764,225,225,-111,-109
21700522,BetOnline,1096,1610612737,1610612761,218,218,-110,-110
21700523,BetOnline,1096,1610612751,1610612748,204,204,-111,-109
21700524,BetOnline,1096,1610612754,1610612741,206,206,-105,-115
21700525,BetOnline,1096,1610612742,1610612740,212,212,-113,-107
21700526,BetOnline,1096,1610612749,1610612760,208,208,-111,-109
21700527,BetOnline,1096,1610612756,1610612758,211,211,-114,-106
21700528,BetOnline,1096,1610612766,1610612744,211.5,211.5,-114,-106
21700529,BetOnline,1096,1610612746,1610612747,217.5,217.5,-115,-105
21700530,BetOnline,1096,1610612759,1610612765,197,197,-113,-107
21700531,BetOnline,1096,1610612748,1610612753,206.5,206.5,-112,-108
21700532,BetOnline,1096,1610612752,1610612740,216.5,216.5,-110,-110
21700533,BetOnline,1096,1610612757,1610612737,203.5,203.5,-108,-112
21700534,BetOnline,1096,1610612739,1610612762,207.5,207.5,-114,-106
21700535,BetOnline,1096,1610612763,1610612744,205.5,205.5,-107,-113
21700536,BetOnline,1096,1610612755,1610612743,214,214,-114,-106
21700537,BetOnline,1096,1610612741,1610612764,211,211,-110,-110
21700538,BetOnline,1096,1610612750,1610612754,208.5,208.5,-110,-110
21700539,BetOnline,1096,1610612751,1610612738,209.5,209.5,-110,-110
21700540,BetOnline,1096,1610612747,1610612745,225.5,225.5,-108,-112
21700541,BetOnline,1096,1610612742,1610612760,203.5,203.5,-110,-110
21700542,BetOnline,1096,1610612766,1610612746,212,212,-112,-108
21700543,BetOnline,1096,1610612763,1610612758,192,192,-107,-113
21700544,BetOnline,1096,1610612755,1610612756,220.5,220.5,-105,-115
21700545,BetOnline,1096,1610612753,1610612751,219,219,-111,-109
21700546,BetOnline,1096,1610612749,1610612761,212.5,212.5,-112,-108
21700547,BetOnline,1096,1610612757,1610612741,201.5,201.5,-110,-110
21700548,BetOnline,1096,1610612747,1610612750,214.5,214.5,-101,-119
21700549,BetOnline,1096,1610612757,1610612739,216.5,216.5,-113,-107
21700550,BetOnline,1096,1610612759,1610612752,201,201,-110,-110
21700551,BetOnline,1096,1610612737,1610612756,217,217,-110,-110
21700552,BetOnline,1096,1610612766,1610612758,205,205,-111,-109
21700553,BetOnline,1096,1610612763,1610612746,206,206,-112,-108
21700554,BetOnline,1096,1610612745,1610612753,217.5,217.5,-110,-110
21700555,BetOnline,1096,1610612759,1610612755,207.5,207.5,-108,-112
21700556,BetOnline,1096,1610612752,1610612764,213,213,-110,-110
21700557,BetOnline,1096,1610612750,1610612751,211.5,211.5,-111,-109
21700558,BetOnline,1096,1610612765,1610612748,198.5,198.5,-112,-108
21700559,BetOnline,1096,1610612739,1610612738,212.5,212.5,-112,-108
21700560,BetOnline,1096,1610612761,1610612741,217,217,-111,-109
21700561,BetOnline,1096,1610612754,1610612749,209,209,-110,-110
21700562,BetOnline,1096,1610612744,1610612742,221,221,-115,-105
21700563,BetOnline,1096,1610612756,1610612743,219.5,219.5,-110,-110
21700564,BetOnline,1096,1610612740,1610612762,212.5,212.5,-111,-109
21700565,BetOnline,1096,1610612760,1610612747,214.5,214.5,-110,-110
21700566,BetOnline,1096,1610612744,1610612745,230.5,230.5,-110,-110
21700567,BetOnline,1096,1610612760,1610612746,212.5,212.5,-110,-110
21700568,BetOnline,1096,1610612752,1610612748,202,202,-111,-109
21700569,BetOnline,1096,1610612765,1610612755,211,211,-110,-110
21700570,BetOnline,1096,1610612750,1610612738,211,211,-110,-110
21700571,BetOnline,1096,1610612761,1610612749,217,217,-111,-109
21700572,BetOnline,1096,1610612741,1610612742,210.5,210.5,-110,-110
21700573,BetOnline,1096,1610612756,1610612759,209.5,209.5,-115,-105
21700574,BetOnline,1096,1610612762,1610612743,208.5,208.5,-115,-105
21700575,BetOnline,1096,1610612764,1610612763,204.5,204.5,-108,-112
21700576,BetOnline,1096,1610612737,1610612757,208,208,-115,-105
21700577,BetOnline,1096,1610612766,1610612747,217,217,-110,-110
21700578,BetOnline,1096,1610612744,1610612746,226,226,-113,-107
21700579,BetOnline,1096,1610612738,1610612751,207.5,207.5,-110,-110
21700580,BetOnline,1096,1610612745,1610612765,213,213,-115,-105
21700581,BetOnline,1096,1610612741,1610612754,212.5,212.5,-110,-110
21700582,BetOnline,1096,1610612739,1610612753,222.5,222.5,-108,-112
21700583,BetOnline,1096,1610612749,1610612764,213,213,-113,-107
21700584,BetOnline,1096,1610612740,1610612750,218.5,218.5,-113,-107
21700585,BetOnline,1096,1610612743,1610612758,205,205,-109,-111
21700586,BetOnline,1096,1610612762,1610612748,195.5,195.5,-108,-112
21700587,BetOnline,1096,1610612752,1610612742,204,204,-112,-108
21700588,BetOnline,1096,1610612760,1610612756,222,222,-107,-113
21700589,BetOnline,1096,1610612759,1610612757,196,196,-106,-114
21700590,BetOnline,1096,1610612737,1610612747,216,216,-110,-110
21700591,BetOnline,1096,1610612749,1610612754,215.5,215.5,-110,-110
21700592,BetOnline,1096,1610612761,1610612751,218,218,-110,-110
21700593,BetOnline,1096,1610612745,1610612741,220,220,-108,-112
21700594,BetOnline,1096,1610612739,1610612750,223,223,-113,-107
21700595,BetOnline,1096,1610612765,1610612740,211,211,-110,-110
21700596,BetOnline,1096,1610612759,1610612758,199,199,-107,-113
21700597,BetOnline,1096,1610612743,1610612744,227.5,227.5,-115,-105
21700598,BetOnline,1096,1610612737,1610612746,214,214,-112,-108
21700599,BetOnline,1096,1610612748,1610612761,205,205,-110,-110
21700600,BetOnline,1096,1610612757,1610612760,204.5,204.5,-115,-105
21700601,BetOnline,1096,1610612753,1610612742,215.5,215.5,-107,-113
21700602,BetOnline,1096,1610612758,1610612747,213,213,-115,-105
21700603,BetOnline,1096,1610612742,1610612766,210,210,-110,-110
21700604,BetOnline,1096,1610612748,1610612754,202.5,202.5,-107,-113
21700605,BetOnline,1096,1610612762,1610612764,208.5,208.5,-112,-108
21700606,BetOnline,1096,1610612765,1610612751,206,206,-108,-112
21700607,BetOnline,1096,1610612741,1610612752,208,208,-110,-110
21700608,BetOnline,1096,1610612757,1610612745,217.5,217.5,-107,-113
21700609,BetOnline,1096,1610612740,1610612763,210.5,210.5,-106,-114
21700610,BetOnline,1096,1610612753,1610612749,218,218,-107,-113
21700611,BetOnline,1096,1610612760,1610612750,213,213,-110,-110
21700612,BetOnline,1096,1610612737,1610612743,215.5,215.5,-108,-112
21700613,BetOnline,1096,1610612746,1610612744,218.5,218.5,-110,-110
21700614,BetOnline,1096,1610612738,1610612755,212,212,-115,-105
21700615,BetOnline,1096,1610612739,1610612761,222,222,-115,-105
21700616,BetOnline,1096,1610612746,1610612758,213,213,-110,-110
21700617,BetOnline,1096,1610612759,1610612747,212,212,-111,-109
21700618,BetOnline,1096,1610612762,1610612766,206.5,206.5,-110,-110
21700619,BetOnline,1096,1610612739,1610612754,221,221,-106,-114
21700620,BetOnline,1096,1610612753,1610612764,218,218,-110,-110
21700621,BetOnline,1096,1610612751,1610612737,211,211,-110,-110
21700622,BetOnline,1096,1610612744,1610612749,221,221,-110,-110
21700623,BetOnline,1096,1610612752,1610612750,209.5,209.5,-110,-110
21700624,BetOnline,1096,1610612757,1610612740,218.5,218.5,-110,-110
21700625,BetOnline,1096,1610612763,1610612743,203,203,-102,-118
21700626,BetOnline,1096,1610612745,1610612756,231.5,231.5,-110,-110
21700627,BetOnline,1096,1610612747,1610612742,213.5,213.5,-107,-113
21700628,BetOnline,1096,1610612758,1610612746,215.5,215.5,-110,-110
21700629,BetOnline,1096,1610612760,1610612766,212,212,-115,-105
21700630,BetOnline,1096,1610612751,1610612764,215.5,215.5,-112,-108
21700631,BetOnline,1096,1610612744,1610612761,227.5,227.5,-113,-107
21700632,BetOnline,1096,1610612765,1610612741,209.5,209.5,-110,-110
21700633,BetOnline,1096,1610612743,1610612759,207.5,207.5,-110,-110
21700634,BetOnline,1096,1610612749,1610612748,203.5,203.5,-110,-110
21700635,BetOnline,1096,1610612740,1610612752,218,218,-105,-115
21700636,BetOnline,1096,1610612754,1610612756,220,220,-115,-105
21700637,BetOnline,1096,1610612757,1610612750,213,213,-116,-104
21700638,BetOnline,1096,1610612766,1610612765,203,203,-110,-110
21700639,BetOnline,1096,1610612761,1610612755,220,220,-110,-110
21700640,BetOnline,1096,1610612749,1610612764,212,212,-105,-115
21700641,BetOnline,1096,1610612759,1610612737,201.5,201.5,-110,-110
21700642,BetOnline,1096,1610612752,1610612751,211,211,-110,-110
21700643,BetOnline,1096,1610612758,1610612760,208.5,208.5,-110,-110
21700644,BetOnline,1096,1610612748,1610612741,206.5,206.5,-112,-108
21700645,BetOnline,1096,1610612747,1610612763,204,204,-114,-106
21700646,BetOnline,1096,1610612744,1610612739,233.5,233.5,-111,-109
21700647,BetOnline,1096,1610612754,1610612762,207.5,207.5,-107,-113
21700648,BetOnline,1096,1610612745,1610612746,230.5,230.5,-115,-105
21700649,BetOnline,1096,1610612750,1610612753,218,218,-111,-109
21700650,BetOnline,1096,1610612740,1610612738,213.5,213.5,-109,-111
21700651,BetOnline,1096,1610612742,1610612743,210,210,-110,-110
21700652,BetOnline,1096,1610612756,1610612757,217,217,-107,-113
21700653,BetOnline,1096,1610612764,1610612766,216,216,-115,-105
21700654,BetOnline,1096,1610612740,1610612737,218.5,218.5,-115,-105
21700655,BetOnline,1096,1610612759,1610612751,204.5,204.5,-104,-116
21700656,BetOnline,1096,1610612765,1610612761,212.5,212.5,-113,-107
21700657,BetOnline,1096,1610612744,1610612741,232.5,232.5,-115,-105
21700658,BetOnline,1096,1610612752,1610612763,203.5,203.5,-115,-105
21700659,BetOnline,1096,1610612748,1610612749,203,203,-114,-106
21700660,BetOnline,1096,1610612747,1610612760,215.5,215.5,-110,-110
21700661,BetOnline,1096,1610612762,1610612758,203.5,203.5,-105,-115
21700662,BetOnline,1096,1610612743,1610612746,220,220,-112,-108
21700663,BetOnline,1096,1610612755,1610612738,203.5,203.5,-110,-110
21700664,BetOnline,1096,1610612753,1610612739,227.5,227.5,-110,-110
21700665,BetOnline,1096,1610612750,1610612745,225,225,-111,-109
21700666,BetOnline,1096,1610612754,1610612757,214.5,214.5,-109,-111
21700667,BetOnline,1096,1610612759,1610612761,204.5,204.5,-115,-105
21700668,BetOnline,1096,1610612748,1610612751,206.5,206.5,-114,-106
21700669,BetOnline,1096,1610612764,1610612765,209,209,-110,-110
21700670,BetOnline,1096,1610612758,1610612763,202,202,-110,-110
21700671,BetOnline,1096,1610612756,1610612743,220,220,-112,-108
21700672,BetOnline,1096,1610612752,1610612762,201.5,201.5,-110,-110
21700673,BetOnline,1096,1610612754,1610612747,214.5,214.5,-110,-110
21700674,BetOnline,1096,1610612760,1610612739,219.5,219.5,-115,-105
21700675,BetOnline,1096,1610612741,1610612737,216,216,-110,-110
21700676,BetOnline,1096,1610612748,1610612766,201,201,-115,-105
21700677,BetOnline,1096,1610612763,1610612740,210,210,-106,-114
21700678,BetOnline,1096,1610612749,1610612755,209,209,-110,-110
21700679,BetOnline,1096,1610612744,1610612745,238,238,-110,-110
21700680,BetOnline,1096,1610612761,1610612750,214,214,-110,-110
21700681,BetOnline,1096,1610612746,1610612762,213,213,-111,-109
21700682,BetOnline,1096,1610612742,1610612757,210.5,210.5,-113,-107
21700683,BetOnline,1096,1610612753,1610612738,209,209,-110,-110
21700684,BetOnline,1096,1610612752,1610612747,214.5,214.5,-110,-110
21700685,BetOnline,1096,1610612751,1610612765,209.5,209.5,-110,-110
21700686,BetOnline,1096,1610612754,1610612759,200.5,200.5,-110,-110
21700687,BetOnline,1096,1610612758,1610612766,212.5,212.5,-110,-110
21700688,BetOnline,1096,1610612762,1610612737,204,204,-110,-110
21700689,BetOnline,1096,1610612748,1610612745,213,213,-115,-105
21700690,BetOnline,1096,1610612755,1610612763,202.5,202.5,-105,-115
21700691,BetOnline,1096,1610612756,1610612749,216,216,-112,-108
21700692,BetOnline,1096,1610612741,1610612740,226.5,226.5,-112,-108
21700693,BetOnline,1096,1610612764,1610612742,211.5,211.5,-110,-110
21700694,BetOnline,1096,1610612757,1610612743,211,211,-110,-110
21700695,BetOnline,1096,1610612750,1610612746,220,220,-113,-107
21700696,BetOnline,1096,1610612758,1610612753,211,211,-113,-107
21700697,BetOnline,1096,1610612751,1610612760,210.5,210.5,-108,-112
21700698,BetOnline,1096,1610612739,1610612759,211,211,-110,-110
21700699,BetOnline,1096,1610612752,1610612744,227.5,227.5,-110,-110
21700700,BetOnline,1096,1610612738,1610612747,206.5,206.5,-110,-110
21700701,BetOnline,1096,1610612740,1610612766,223.5,223.5,-110,-110
21700702,BetOnline,1096,1610612762,1610612765,198,198,-110,-110
21700703,BetOnline,1096,1610612756,1610612754,214,214,-110,-110
21700704,BetOnline,1096,1610612741,1610612755,216.5,216.5,-111,-109
21700705,BetOnline,1096,1610612761,1610612737,214.5,214.5,-110,-110
21700706,BetOnline,1096,1610612745,1610612742,216.5,216.5,-115,-105
21700707,BetOnline,1096,1610612759,1610612763,191.5,191.5,-115,-105
21700708,BetOnline,1096,1610612750,1610612757,211,211,-115,-105
21700709,BetOnline,1096,1610612738,1610612746,214,214,-115,-105
21700710,BetOnline,1096,1610612758,1610612748,200.5,200.5,-110,-110
21700711,BetOnline,1096,1610612764,1610612760,215,215,-113,-107
21700712,BetOnline,1096,1610612752,1610612743,212,212,-115,-105
21700713,BetOnline,1096,1610612750,1610612744,229.5,229.5,-110,-110
21700714,BetOnline,1096,1610612737,1610612766,212,212,-110,-110
21700715,BetOnline,1096,1610612754,1610612739,223,223,-107,-113
21700716,BetOnline,1096,1610612762,1610612761,209,209,-115,-105
21700717,BetOnline,1096,1610612747,1610612741,222.5,222.5,-107,-113
21700718,BetOnline,1096,1610612746,1610612763,213,213,-115,-105
21700719,BetOnline,1096,1610612751,1610612749,212,212,-110,-110
21700720,BetOnline,1096,1610612745,1610612740,228,228,-106,-114
21700721,BetOnline,1096,1610612757,1610612742,208,208,-111,-109
21700722,BetOnline,1096,1610612755,1610612759,199.5,199.5,-116,-104
21700723,BetOnline,1096,1610612752,1610612756,220,220,-114,-106
21700724,BetOnline,1096,1610612760,1610612765,206,206,-104,-116
21700725,BetOnline,1096,1610612753,1610612754,214,214,-115,-105
21700726,BetOnline,1096,1610612764,1610612737,211.5,211.5,-110,-110
21700727,BetOnline,1096,1610612766,1610612748,208,208,-111,-109
21700728,BetOnline,1096,1610612738,1610612744,219.5,219.5,-110,-110
21700729,BetOnline,1096,1610612751,1610612750,215.5,215.5,-107,-113
21700730,BetOnline,1096,1610612742,1610612743,208,208,-110,-110
21700731,BetOnline,1096,1610612749,1610612741,214,214,-103,-117
21700732,BetOnline,1096,1610612756,1610612745,225.5,225.5,-110,-110
21700733,BetOnline,1096,1610612746,1610612740,227.5,227.5,-105,-115
21700734,BetOnline,1096,1610612765,1610612739,219,219,-115,-105
21700735,BetOnline,1096,1610612747,1610612761,217,217,-110,-110
21700736,BetOnline,1096,1610612755,1610612760,214.5,214.5,-113,-107
21700737,BetOnline,1096,1610612758,1610612759,196.5,196.5,-129,109
21700738,BetOnline,1096,1610612766,1610612754,211.5,211.5,-110,-110
21700739,BetOnline,1096,1610612750,1610612737,213,213,-110,-110
21700740,BetOnline,1096,1610612756,1610612763,205.5,205.5,-114,-106
21700741,BetOnline,1096,1610612755,1610612749,208,208,-110,-110
21700742,BetOnline,1096,1610612748,1610612742,196.5,196.5,-110,-110
21700743,BetOnline,1096,1610612738,1610612743,206.5,206.5,-105,-115
21700744,BetOnline,1096,1610612760,1610612764,216,216,-106,-114
21700745,BetOnline,1096,1610612751,1610612752,213.5,213.5,-108,-112
21700746,BetOnline,1096,1610612750,1610612761,219,219,-115,-105
21700747,BetOnline,1096,1610612739,1610612765,219.5,219.5,-110,-110
21700748,BetOnline,1096,1610612753,1610612745,219.5,219.5,-112,-108
21700749,BetOnline,1096,1610612758,1610612740,215.5,215.5,-108,-112
21700750,BetOnline,1096,1610612743,1610612759,202.5,202.5,-110,-110
21700751,BetOnline,1096,1610612744,1610612762,216,216,-110,-110
21700752,BetOnline,1096,1610612757,1610612746,221.5,221.5,-107,-113
21700753,BetOnline,1096,1610612763,1610612754,200.5,200.5,-110,-110
21700754,BetOnline,1096,1610612747,1610612753,216.5,216.5,-105,-115
21700755,BetOnline,1096,1610612766,1610612737,210.5,210.5,-113,-107
21700756,BetOnline,1096,1610612755,1610612751,213.5,213.5,-113,-107
21700757,BetOnline,1096,1610612748,1610612739,217.5,217.5,-110,-110
21700758,BetOnline,1096,1610612752,1610612738,201.5,201.5,-107,-113
21700759,BetOnline,1096,1610612741,1610612757,211.5,211.5,-110,-110
21700760,BetOnline,1096,1610612742,1610612756,211,211,-114,-106
21700761,BetOnline,1096,1610612763,1610612765,201.5,201.5,-108,-112
21700762,BetOnline,1096,1610612761,1610612764,214,214,-110,-110
21700763,BetOnline,1096,1610612749,1610612750,208.5,208.5,-104,-116
21700764,BetOnline,1096,1610612745,1610612759,208.5,208.5,-114,-106
21700765,BetOnline,1096,1610612760,1610612743,218.5,218.5,-104,-116
21700766,BetOnline,1096,1610612754,1610612766,210,210,-105,-115
21700767,BetOnline,1096,1610612737,1610612738,199,199,-110,-110
21700768,BetOnline,1096,1610612747,1610612751,217.5,217.5,-109,-111
21700769,BetOnline,1096,1610612757,1610612761,215.5,215.5,-113,-107
21700770,BetOnline,1096,1610612748,1610612755,203.5,203.5,-112,-108
21700771,BetOnline,1096,1610612752,1610612749,208,208,-115,-105
21700772,BetOnline,1096,1610612740,1610612760,224.5,224.5,-112,-108
21700773,BetOnline,1096,1610612762,1610612756,210.5,210.5,-112,-108
21700774,BetOnline,1096,1610612744,1610612758,224.5,224.5,-114,-106
21700775,BetOnline,1096,1610612741,1610612746,220.5,220.5,-110,-110
21700776,BetOnline,1096,1610612748,1610612765,200.5,200.5,-110,-110
21700777,BetOnline,1096,1610612755,1610612754,211,211,-113,-107
21700778,BetOnline,1096,1610612764,1610612753,214.5,214.5,-109,-111
21700779,BetOnline,1096,1610612745,1610612739,232,232,-110,-110
21700780,BetOnline,1096,1610612740,1610612750,222.5,222.5,-113,-107
21700781,BetOnline,1096,1610612762,1610612759,196,196,-108,-112
21700782,BetOnline,1096,1610612744,1610612743,232,232,-113,-107
21700783,BetOnline,1096,1610612742,1610612758,201.5,201.5,-115,-105
21700784,BetOnline,1096,1610612757,1610612738,199.5,199.5,-110,-110
21700785,BetOnline,1096,1610612749,1610612751,207,207,-110,-110
21700786,BetOnline,1096,1610612737,1610612752,210,210,-115,-105
21700787,BetOnline,1096,1610612763,1610612761,208.5,208.5,-110,-110
21700788,BetOnline,1096,1610612747,1610612760,220.5,220.5,-110,-110
21700789,BetOnline,1096,1610612766,1610612756,220,220,-107,-113
21700790,BetOnline,1096,1610612757,1610612765,211.5,211.5,-108,-112
21700791,BetOnline,1096,1610612764,1610612754,209.5,209.5,-110,-110
21700792,BetOnline,1096,1610612753,1610612748,205.5,205.5,-107,-113
21700793,BetOnline,1096,1610612762,1610612740,216,216,-108,-112
21700794,BetOnline,1096,1610612766,1610612743,217,217,-110,-110
21700795,BetOnline,1096,1610612741,1610612758,212.5,212.5,-113,-107
21700796,BetOnline,1096,1610612742,1610612746,215,215,-107,-113
21700797,BetOnline,1096,1610612739,1610612753,227,227,-120,100
21700798,BetOnline,1096,1610612738,1610612761,208.5,208.5,-112,-108
21700799,BetOnline,1096,1610612763,1610612737,203,203,-110,-110
21700800,BetOnline,1096,1610612745,1610612751,218.5,218.5,-113,-107
21700801,BetOnline,1096,1610612749,1610612752,208.5,208.5,-110,-110
21700802,BetOnline,1096,1610612764,1610612755,212,212,-110,-110
21700803,BetOnline,1096,1610612760,1610612744,231,231,-107,-113
21700804,BetOnline,1096,1610612756,1610612747,217.5,217.5,-110,-110
21700805,BetOnline,1096,1610612751,1610612765,210.5,210.5,-110,-110
21700806,BetOnline,1096,1610612745,1610612748,207,207,-110,-110
21700807,BetOnline,1096,1610612750,1610612739,226,226,-110,-110
21700808,BetOnline,1096,1610612762,1610612763,199,199,-108,-112
21700809,BetOnline,1096,1610612754,1610612740,220,220,-107,-113
21700810,BetOnline,1096,1610612759,1610612756,202.5,202.5,-113,-107
21700811,BetOnline,1096,1610612737,1610612753,210.5,210.5,-110,-110
21700812,BetOnline,1096,1610612752,1610612761,213.5,213.5,-114,-106
21700813,BetOnline,1096,1610612738,1610612764,204,204,-111,-109
21700814,BetOnline,1096,1610612766,1610612757,212.5,212.5,-110,-110
21700815,BetOnline,1096,1610612742,1610612744,222.5,222.5,-110,-110
21700816,BetOnline,1096,1610612760,1610612747,211.5,211.5,-107,-113
21700817,BetOnline,1096,1610612746,1610612765,221,221,-115,-105
21700818,BetOnline,1096,1610612740,1610612755,222,222,-110,-110
21700819,BetOnline,1096,1610612739,1610612737,212,212,-110,-110
21700820,BetOnline,1096,1610612754,1610612738,203.5,203.5,-110,-110
21700821,BetOnline,1096,1610612749,1610612748,199,199,-110,-110
21700822,BetOnline,1096,1610612750,1610612741,216,216,-111,-109
21700823,BetOnline,1096,1610612743,1610612745,223,223,-110,-110
21700824,BetOnline,1096,1610612766,1610612762,206,206,-113,-107
21700825,BetOnline,1096,1610612757,1610612758,206.5,206.5,-106,-114
21700826,BetOnline,1096,1610612740,1610612751,221,221,-110,-110
21700827,BetOnline,1096,1610612749,1610612753,208,208,-110,-110
21700828,BetOnline,1096,1610612746,1610612755,218,218,-110,-110
21700829,BetOnline,1096,1610612764,1610612741,213.5,213.5,-113,-107
21700830,BetOnline,1096,1610612747,1610612742,214.5,214.5,-110,-110
21700831,BetOnline,1096,1610612759,1610612744,219,219,-105,-115
21700832,BetOnline,1096,1610612743,1610612756,221.5,221.5,-113,-107
21700833,BetOnline,1096,1610612761,1610612766,218,218,-110,-110
21700834,BetOnline,1096,1610612765,1610612737,208.5,208.5,-110,-110
21700835,BetOnline,1096,1610612739,1610612738,211.5,211.5,-105,-115
21700836,BetOnline,1096,1610612752,1610612754,210,210,-110,-110
21700837,BetOnline,1096,1610612742,1610612745,215,215,-110,-110
21700838,BetOnline,1096,1610612758,1610612750,210.5,210.5,100,-120
21700839,BetOnline,1096,1610612763,1610612760,199.5,199.5,-110,-110
21700840,BetOnline,1096,1610612762,1610612757,205.5,205.5,-110,-110
21700841,BetOnline,1096,1610612740,1610612765,221.5,221.5,-113,-107
21700842,BetOnline,1096,1610612752,1610612755,210.5,210.5,-115,-105
21700843,BetOnline,1096,1610612746,1610612751,221.5,221.5,-112,-108
21700844,BetOnline,1096,1610612753,1610612741,212.5,212.5,-110,-110
21700845,BetOnline,1096,1610612759,1610612762,197.5,197.5,-113,-107
21700846,BetOnline,1096,1610612756,1610612744,231,231,-105,-115
21700847,BetOnline,1096,1610612748,1610612761,205,205,-107,-113
21700848,BetOnline,1096,1610612737,1610612749,207.5,207.5,-110,-110
21700849,BetOnline,1096,1610612745,1610612750,224,224,-115,-105
21700850,BetOnline,1096,1610612739,1610612760,224,224,-110,-110
21700851,BetOnline,1096,1610612758,1610612742,206,206,-107,-113
21700852,BetOnline,1096,1610612759,1610612743,208.5,208.5,-110,-110
21700853,BetOnline,1096,1610612737,1610612765,207,207,-105,-115
21700854,BetOnline,1096,1610612766,1610612753,212,212,-106,-114
21700855,BetOnline,1096,1610612748,1610612755,202.5,202.5,-114,-106
21700856,BetOnline,1096,1610612754,1610612751,211.5,211.5,-111,-109
21700857,BetOnline,1096,1610612764,1610612752,211,211,-113,-107
21700858,BetOnline,1096,1610612746,1610612738,212,212,-115,-105
21700859,BetOnline,1096,1610612761,1610612741,219.5,219.5,-110,-110
21700860,BetOnline,1096,1610612758,1610612745,214.5,214.5,-110,-110
21700861,BetOnline,1096,1610612760,1610612763,208,208,-112,-108
21700862,BetOnline,1096,1610612747,1610612740,232,232,-111,-109
21700863,BetOnline,1096,1610612756,1610612762,212.5,212.5,-110,-110
21700864,BetOnline,1096,1610612744,1610612757,229,229,-110,-110
21700865,BetOnline,1096,1610612743,1610612749,214.5,214.5,-115,-105
21700866,BetOnline,1096,1610612747,1610612750,228,228,-113,-107
21700867,BetOnline,1096,1610612751,1610612766,216.5,216.5,-110,-110
21700868,BetOnline,1096,1610612752,1610612753,216,216,-115,-105
21700869,BetOnline,1096,1610612764,1610612739,221.5,221.5,-110,-110
21700870,BetOnline,1096,1610612755,1610612741,213.5,213.5,-110,-110
21700871,BetOnline,1096,1610612760,1610612758,215,215,-110,-110
21700872,BetOnline,1096,1610612746,1610612744,234.5,234.5,-115,-105
21700873,BetOnline,1096,1610612738,1610612765,208.5,208.5,-110,-110
21700874,BetOnline,1096,1610612737,1610612754,209,209,-110,-110
21700875,BetOnline,1096,1610612766,1610612764,210.5,210.5,-112,-108
21700876,BetOnline,1096,1610612749,1610612761,216.5,216.5,-110,-110
21700877,BetOnline,1096,1610612750,1610612745,223,223,-115,-105
21700878,BetOnline,1096,1610612739,1610612763,214,214,-110,-110
21700879,BetOnline,1096,1610612748,1610612740,215.5,215.5,-109,-111
21700880,BetOnline,1096,1610612759,1610612743,212,212,-113,-107
21700881,BetOnline,1096,1610612746,1610612756,230.5,230.5,-112,-108
21700882,BetOnline,1096,1610612757,1610612762,208,208,-115,-105
21700883,BetOnline,1096,1610612742,1610612747,221.5,221.5,-114,-106
21700884,BetOnline,1096,1610612753,1610612755,217,217,-112,-108
21700885,BetOnline,1096,1610612763,1610612748,198.5,198.5,-115,-105
21700886,BetOnline,1096,1610612738,1610612752,211.5,211.5,-113,-107
21700887,BetOnline,1096,1610612760,1610612744,233.5,233.5,-112,-108
21700888,BetOnline,1096,1610612741,1610612750,218.5,218.5,-110,-110
21700889,BetOnline,1096,1610612757,1610612756,222,222,-112,-108
21700890,BetOnline,1096,1610612742,1610612762,204,204,-110,-110
21700891,BetOnline,1096,1610612747,1610612758,222,222,-113,-107
21700892,BetOnline,1096,1610612765,1610612766,212,212,-112,-108
21700893,BetOnline,1096,1610612740,1610612749,220,220,-110,-110
21700894,BetOnline,1096,1610612759,1610612739,211.5,211.5,-105,-115
21700895,BetOnline,1096,1610612755,1610612764,215,215,-117,-103
21700896,BetOnline,1096,1610612745,1610612743,225,225,-115,-105
21700897,BetOnline,1096,1610612747,1610612737,221.5,221.5,-113,-107
21700898,BetOnline,1096,1610612763,1610612738,203.5,203.5,-109,-111
21700899,BetOnline,1096,1610612741,1610612751,216,216,-110,-110
21700900,BetOnline,1096,1610612744,1610612752,229.5,229.5,-115,-105
21700901,BetOnline,1096,1610612765,1610612761,217,217,-110,-110
21700902,BetOnline,1096,1610612756,1610612740,236,236,-109,-111
21700903,BetOnline,1096,1610612753,1610612760,218,218,-113,-107
21700904,BetOnline,1096,1610612754,1610612742,211,211,-107,-113
21700905,BetOnline,1096,1610612745,1610612762,211.5,211.5,-113,-107
21700906,BetOnline,1096,1610612750,1610612758,216.5,216.5,-110,-110
21700907,BetOnline,1096,1610612741,1610612766,216.5,216.5,-110,-110
21700908,BetOnline,1096,1610612751,1610612739,221.5,221.5,-107,-113
21700909,BetOnline,1096,1610612755,1610612748,205,205,-108,-112
21700910,BetOnline,1096,1610612764,1610612749,212,212,-110,-110
21700911,BetOnline,1096,1610612758,1610612757,209,209,-112,-108
21700912,BetOnline,1096,1610612746,1610612743,229,229,-110,-110
21700913,BetOnline,1096,1610612749,1610612765,210,210,-115,-105
21700914,BetOnline,1096,1610612761,1610612753,222,222,-108,-112
21700915,BetOnline,1096,1610612754,1610612737,214,214,-110,-110
21700916,BetOnline,1096,1610612766,1610612738,211,211,-110,-110
21700917,BetOnline,1096,1610612744,1610612764,228,228,-112,-108
21700918,BetOnline,1096,1610612756,1610612763,216.5,216.5,-114,-106
21700919,BetOnline,1096,1610612760,1610612742,210.5,210.5,-110,-110
21700920,BetOnline,1096,1610612740,1610612759,218.5,218.5,-115,-105
21700921,BetOnline,1096,1610612745,1610612746,229,229,-115,-105
21700922,BetOnline,1096,1610612747,1610612748,218.5,218.5,-110,-110
21700923,BetOnline,1096,1610612755,1610612739,222,222,-107,-113
21700924,BetOnline,1096,1610612751,1610612758,213,213,-118,-102
21700925,BetOnline,1096,1610612750,1610612757,218.5,218.5,-110,-110
21700926,BetOnline,1096,1610612765,1610612753,213.5,213.5,-115,-105
21700927,BetOnline,1096,1610612766,1610612755,215,215,-113,-107
21700928,BetOnline,1096,1610612744,1610612737,228,228,-112,-108
21700929,BetOnline,1096,1610612761,1610612764,216.5,216.5,-106,-114
21700930,BetOnline,1096,1610612742,1610612741,215,215,-114,-106
21700931,BetOnline,1096,1610612743,1610612763,216.5,216.5,-110,-110
21700932,BetOnline,1096,1610612754,1610612749,210.5,210.5,-113,-107
21700933,BetOnline,1096,1610612760,1610612756,227.5,227.5,-115,-105
21700934,BetOnline,1096,1610612750,1610612762,208.5,208.5,-110,-110
21700935,BetOnline,1096,1610612752,1610612746,226.5,226.5,-109,-111
21700936,BetOnline,1096,1610612763,1610612753,212.5,212.5,-112,-108
21700937,BetOnline,1096,1610612743,1610612739,228,228,-114,-106
21700938,BetOnline,1096,1610612765,1610612748,203.5,203.5,-113,-107
21700939,BetOnline,1096,1610612738,1610612745,213.5,213.5,-112,-108
21700940,BetOnline,1096,1610612747,1610612759,218.5,218.5,-110,-110
21700941,BetOnline,1096,1610612760,1610612757,215.5,215.5,-115,-105
21700942,BetOnline,1096,1610612762,1610612758,201.5,201.5,-112,-108
21700943,BetOnline,1096,1610612756,1610612737,225,225,-107,-113
21700944,BetOnline,1096,1610612766,1610612761,218,218,-110,-110
21700945,BetOnline,1096,1610612754,1610612764,211.5,211.5,-110,-110
21700946,BetOnline,1096,1610612740,1610612742,222.5,222.5,-110,-110
21700947,BetOnline,1096,1610612755,1610612749,209,209,-105,-115
21700948,BetOnline,1096,1610612751,1610612746,223.5,223.5,-110,-110
21700949,BetOnline,1096,1610612752,1610612758,215.5,215.5,-110,-110
21700950,BetOnline,1096,1610612765,1610612739,220.5,220.5,-111,-109
21700951,BetOnline,1096,1610612749,1610612754,210.5,210.5,-112,-108
21700952,BetOnline,1096,1610612756,1610612748,218,218,-107,-113
21700953,BetOnline,1096,1610612738,1610612741,207.5,207.5,-110,-110
21700954,BetOnline,1096,1610612763,1610612759,201,201,-107,-113
21700955,BetOnline,1096,1610612753,1610612762,207.5,207.5,-115,-105
21700956,BetOnline,1096,1610612757,1610612747,226,226,-118,-102
21700957,BetOnline,1096,1610612755,1610612766,215,215,-110,-110
21700958,BetOnline,1096,1610612737,1610612761,216,216,-105,-115
21700959,BetOnline,1096,1610612748,1610612764,205,205,-110,-110
21700960,BetOnline,1096,1610612745,1610612760,219.5,219.5,-110,-110
21700961,BetOnline,1096,1610612743,1610612742,216.5,216.5,-110,-110
21700962,BetOnline,1096,1610612752,1610612757,216,216,-115,-105
21700963,BetOnline,1096,1610612751,1610612744,231.5,231.5,-107,-113
21700964,BetOnline,1096,1610612740,1610612746,235.5,235.5,-115,-105
21700965,BetOnline,1096,1610612762,1610612754,201,201,-115,-105
21700966,BetOnline,1096,1610612761,1610612765,214,214,-107,-113
21700967,BetOnline,1096,1610612763,1610612741,211,211,-108,-112
21700968,BetOnline,1096,1610612745,1610612749,214.5,214.5,-115,-105
21700969,BetOnline,1096,1610612740,1610612758,224,224,-113,-107
21700970,BetOnline,1096,1610612739,1610612743,228.5,228.5,-115,-105
21700971,BetOnline,1096,1610612753,1610612747,227,227,-115,-105
21700972,BetOnline,1096,1610612751,1610612766,217.5,217.5,-115,-105
21700973,BetOnline,1096,1610612755,1610612748,209.5,209.5,-110,-110
21700974,BetOnline,1096,1610612738,1610612750,218,218,-115,-105
21700975,BetOnline,1096,1610612756,1610612760,228,228,-110,-110
21700976,BetOnline,1096,1610612759,1610612744,223,223,-116,-104
21700977,BetOnline,1096,1610612741,1610612765,215,215,-105,-115
21700978,BetOnline,1096,1610612737,1610612754,211,211,-112,-108
21700979,BetOnline,1096,1610612745,1610612761,220.5,220.5,-115,-105
21700980,BetOnline,1096,1610612762,1610612763,197.5,197.5,-108,-112
21700981,BetOnline,1096,1610612752,1610612749,214,214,-105,-115
21700982,BetOnline,1096,1610612764,1610612740,222,222,-110,-110
21700983,BetOnline,1096,1610612747,1610612743,230.5,230.5,-110,-110
21700984,BetOnline,1096,1610612744,1610612757,218.5,218.5,-110,-110
21700985,BetOnline,1096,1610612753,1610612758,205.5,205.5,-112,-108
21700986,BetOnline,1096,1610612739,1610612746,229,229,-110,-110
21700987,BetOnline,1096,1610612756,1610612766,219.5,219.5,-112,-108
21700988,BetOnline,1096,1610612764,1610612748,207,207,-116,-104
21700989,BetOnline,1096,1610612763,1610612742,208,208,-107,-113
21700990,BetOnline,1096,1610612759,1610612760,210.5,210.5,-108,-112
21700991,BetOnline,1096,1610612753,1610612746,217.5,217.5,-112,-108
21700992,BetOnline,1096,1610612761,1610612752,216.5,216.5,-106,-114
21700993,BetOnline,1096,1610612741,1610612737,213.5,213.5,-112,-108
21700994,BetOnline,1096,1610612744,1610612750,223.5,223.5,-110,-110
21700995,BetOnline,1096,1610612762,1610612740,212.5,212.5,-120,100
21700996,BetOnline,1096,1610612758,1610612743,213,213,-110,-110
21700997,BetOnline,1096,1610612745,1610612742,211,211,-110,-110
21700998,BetOnline,1096,1610612754,1610612738,209,209,-110,-110
21700999,BetOnline,1096,1610612755,1610612751,219,219,-112,-108
21701000,BetOnline,1096,1610612739,1610612747,229.5,229.5,-110,-110
21701001,BetOnline,1096,1610612759,1610612745,212,212,-108,-112
21701002,BetOnline,1096,1610612749,1610612763,206.5,206.5,-113,-107
21701003,BetOnline,1096,1610612758,1610612760,212.5,212.5,-112,-108
21701004,BetOnline,1096,1610612748,1610612757,208.5,208.5,-113,-107
21701005,BetOnline,1096,1610612754,1610612755,212.5,212.5,-110,-110
21701006,BetOnline,1096,1610612750,1610612764,218.5,218.5,-110,-110
21701007,BetOnline,1096,1610612760,1610612737,216.5,216.5,-110,-110
21701008,BetOnline,1096,1610612761,1610612751,218.5,218.5,-110,-110
21701009,BetOnline,1096,1610612742,1610612752,216,216,-113,-107
21701010,BetOnline,1096,1610612746,1610612741,224.5,224.5,-107,-113
21701011,BetOnline,1096,1610612766,1610612740,229,229,-109,-111
21701012,BetOnline,1096,1610612753,1610612759,200.5,200.5,-107,-113
21701013,BetOnline,1096,1610612765,1610612762,195.5,195.5,-110,-110
21701014,BetOnline,1096,1610612739,1610612756,231,231,-113,-107
21701015,BetOnline,1096,1610612743,1610612747,233,233,-110,-110
21701016,BetOnline,1096,1610612749,1610612753,208,208,-110,-110
21701017,BetOnline,1096,1610612764,1610612738,201.5,201.5,-110,-110
21701018,BetOnline,1096,1610612748,1610612758,205.5,205.5,-110,-110
21701019,BetOnline,1096,1610612747,1610612744,224.5,224.5,-112,-108
21701020,BetOnline,1096,1610612761,1610612754,212.5,212.5,-107,-113
21701021,BetOnline,1096,1610612766,1610612737,219,219,-110,-110
21701022,BetOnline,1096,1610612755,1610612752,218,218,-110,-110
21701023,BetOnline,1096,1610612746,1610612745,225,225,-110,-110
21701024,BetOnline,1096,1610612741,1610612763,210.5,210.5,-110,-110
21701025,BetOnline,1096,1610612740,1610612759,219.5,219.5,-108,-112
21701026,BetOnline,1096,1610612765,1610612743,215.5,215.5,-110,-110
21701027,BetOnline,1096,1610612756,1610612762,214.5,214.5,-115,-105
21701028,BetOnline,1096,1610612739,1610612757,221,221,-110,-110
21701029,BetOnline,1096,1610612738,1610612753,201.5,201.5,-110,-110
21701030,BetOnline,1096,1610612751,1610612755,218,218,-115,-105
21701031,BetOnline,1096,1610612742,1610612761,208.5,208.5,-107,-113
21701032,BetOnline,1096,1610612746,1610612760,223.5,223.5,-110,-110
21701033,BetOnline,1096,1610612758,1610612744,206,206,-118,-102
21701034,BetOnline,1096,1610612748,1610612747,221.5,221.5,-111,-109
21701035,BetOnline,1096,1610612754,1610612764,210.5,210.5,-110,-110
21701036,BetOnline,1096,1610612745,1610612740,227,227,-115,-105
21701037,BetOnline,1096,1610612742,1610612751,211.5,211.5,-115,-105
21701038,BetOnline,1096,1610612766,1610612752,224,224,-112,-108
21701039,BetOnline,1096,1610612739,1610612741,222,222,-110,-110
21701040,BetOnline,1096,1610612743,1610612763,214.5,214.5,-110,-110
21701041,BetOnline,1096,1610612737,1610612749,214.5,214.5,-110,-110
21701042,BetOnline,1096,1610612750,1610612759,211.5,211.5,-108,-112
21701043,BetOnline,1096,1610612758,1610612762,197,197,-108,-112
21701044,BetOnline,1096,1610612744,1610612756,215,215,-110,-110
21701045,BetOnline,1096,1610612765,1610612757,206.5,206.5,-110,-110
21701046,BetOnline,1096,1610612760,1610612761,219.5,219.5,-110,-110
21701047,BetOnline,1096,1610612738,1610612740,213.5,213.5,-110,-110
21701048,BetOnline,1096,1610612745,1610612750,222.5,222.5,-110,-110
21701049,BetOnline,1096,1610612757,1610612746,218,218,-108,-112
21701050,BetOnline,1096,1610612749,1610612739,226.5,226.5,-115,-105
21701051,BetOnline,1096,1610612747,1610612754,219.5,219.5,-115,-105
21701052,BetOnline,1096,1610612766,1610612755,220.5,220.5,-105,-115
21701053,BetOnline,1096,1610612763,1610612751,211,211,-115,-105
21701054,BetOnline,1096,1610612743,1610612748,212.5,212.5,-108,-112
21701055,BetOnline,1096,1610612741,1610612752,218,218,-110,-110
21701056,BetOnline,1096,1610612744,1610612759,201,201,-110,-110
21701057,BetOnline,1096,1610612765,1610612758,205,205,-110,-110
21701058,BetOnline,1096,1610612761,1610612753,211,211,-113,-107
21701059,BetOnline,1096,1610612760,1610612738,208,208,-116,-104
21701060,BetOnline,1096,1610612746,1610612750,228,228,-106,-114
21701061,BetOnline,1096,1610612742,1610612740,218,218,-110,-110
21701062,BetOnline,1096,1610612737,1610612762,207.5,207.5,-108,-112
21701063,BetOnline,1096,1610612765,1610612756,218.5,218.5,-112,-108
21701064,BetOnline,1096,1610612745,1610612757,219,219,-111,-109
21701065,BetOnline,1096,1610612761,1610612739,225,225,-110,-110
21701066,BetOnline,1096,1610612763,1610612755,208.5,208.5,-111,-109
21701067,BetOnline,1096,1610612766,1610612751,221.5,221.5,-113,-107
21701068,BetOnline,1096,1610612752,1610612748,217,217,-110,-110
21701069,BetOnline,1096,1610612743,1610612741,216,216,-107,-113
21701070,BetOnline,1096,1610612746,1610612749,222.5,222.5,-112,-108
21701071,BetOnline,1096,1610612764,1610612759,202,202,-115,-105
21701072,BetOnline,1096,1610612763,1610612766,214.5,214.5,-113,-107
21701073,BetOnline,1096,1610612755,1610612753,212.5,212.5,-107,-113
21701074,BetOnline,1096,1610612765,1610612745,213.5,213.5,-110,-110
21701075,BetOnline,1096,1610612747,1610612740,231.5,231.5,-110,-110
21701076,BetOnline,1096,1610612762,1610612742,199,199,-112,-108
21701077,BetOnline,1096,1610612737,1610612758,212.5,212.5,-112,-108
21701078,BetOnline,1096,1610612746,1610612754,217.5,217.5,-110,-110
21701079,BetOnline,1096,1610612743,1610612764,217.5,217.5,-112,-108
21701080,BetOnline,1096,1610612756,1610612739,228,228,-113,-107
21701081,BetOnline,1096,1610612750,1610612752,226,226,-110,-110
21701082,BetOnline,1096,1610612751,1610612761,221.5,221.5,-110,-110
21701083,BetOnline,1096,1610612749,1610612741,217.5,217.5,-110,-110
21701084,BetOnline,1096,1610612748,1610612760,216.5,216.5,-110,-110
21701085,BetOnline,1096,1610612762,1610612759,193.5,193.5,-115,-105
21701086,BetOnline,1096,1610612738,1610612757,203,203,-115,-105
21701087,BetOnline,1096,1610612737,1610612744,220.5,220.5,-107,-113
21701088,BetOnline,1096,1610612750,1610612755,224,224,-110,-110
21701089,BetOnline,1096,1610612741,1610612765,208,208,-110,-110
21701090,BetOnline,1096,1610612756,1610612753,216,216,-110,-110
21701091,BetOnline,1096,1610612740,1610612745,225,225,-110,-110
21701092,BetOnline,1096,1610612747,1610612763,214.5,214.5,-110,-110
21701093,BetOnline,1096,1610612766,1610612742,215,215,-110,-110
21701094,BetOnline,1096,1610612739,1610612751,228,228,-110,-110
21701095,BetOnline,1096,1610612759,1610612749,207.5,207.5,-110,-110
21701096,BetOnline,1096,1610612748,1610612754,205,205,-115,-105
21701097,BetOnline,1096,1610612746,1610612761,224.5,224.5,-110,-110
21701098,BetOnline,1096,1610612752,1610612764,216.5,216.5,-105,-115
21701099,BetOnline,1096,1610612738,1610612758,197.5,197.5,-110,-110
21701100,BetOnline,1096,1610612757,1610612760,218,218,-111,-109
21701101,BetOnline,1096,1610612737,1610612745,215.5,215.5,-107,-113
21701102,BetOnline,1096,1610612762,1610612744,198,198,-110,-110
21701103,BetOnline,1096,1610612752,1610612766,222,222,-110,-110
21701104,BetOnline,1096,1610612747,1610612765,213,213,-115,-105
21701105,BetOnline,1096,1610612743,1610612755,227,227,-110,-110
21701106,BetOnline,1096,1610612763,1610612750,215,215,-115,-105
21701107,BetOnline,1096,1610612738,1610612756,208.5,208.5,-110,-110
21701108,BetOnline,1096,1610612759,1610612764,202,202,-110,-110
21701109,BetOnline,1096,1610612743,1610612761,224,224,-113,-107
21701110,BetOnline,1096,1610612739,1610612748,221,221,-110,-110
21701111,BetOnline,1096,1610612741,1610612745,213.5,213.5,-110,-110
21701112,BetOnline,1096,1610612757,1610612740,220,220,-110,-110
21701113,BetOnline,1096,1610612742,1610612758,204.5,204.5,-110,-110
21701114,BetOnline,1096,1610612754,1610612744,200,200,-115,-105
21701115,BetOnline,1096,1610612749,1610612746,227,227,105,-125
21701116,BetOnline,1096,1610612739,1610612766,224.5,224.5,-110,-110
21701117,BetOnline,1096,1610612751,1610612753,215.5,215.5,-108,-112
21701118,BetOnline,1096,1610612752,1610612755,223.5,223.5,-110,-110
21701119,BetOnline,1096,1610612757,1610612763,200.5,200.5,-110,-110
21701120,BetOnline,1096,1610612737,1610612750,220,220,-112,-108
21701121,BetOnline,1096,1610612738,1610612762,193.5,193.5,-115,-105
21701122,BetOnline,1096,1610612746,1610612756,222.5,222.5,-110,-110
21701123,BetOnline,1096,1610612742,1610612747,216.5,216.5,-115,-105
21701124,BetOnline,1096,1610612764,1610612765,209,209,-110,-110
21701125,BetOnline,1096,1610612741,1610612748,208.5,208.5,-112,-108
21701126,BetOnline,1096,1610612760,1610612759,208.5,208.5,-112,-108
21701127,BetOnline,1096,1610612754,1610612758,204.5,204.5,-110,-110
21701128,BetOnline,1096,1610612749,1610612744,213,213,-110,-110
21701129,BetOnline,1096,1610612741,1610612753,209,209,-114,-106
21701130,BetOnline,1096,1610612755,1610612737,222,222,-110,-110
21701131,BetOnline,1096,1610612740,1610612739,231,231,-115,-105
21701132,BetOnline,1096,1610612756,1610612745,216,216,-115,-105
21701133,BetOnline,1096,1610612743,1610612760,224.5,224.5,-110,-110
21701134,BetOnline,1096,1610612750,1610612742,217,217,-109,-111
21701135,BetOnline,1096,1610612763,1610612762,197,197,-107,-113
21701136,BetOnline,1096,1610612749,1610612747,222.5,222.5,-110,-110
21701137,BetOnline,1096,1610612746,1610612757,219,219,-105,-115
21701138,BetOnline,1096,1610612766,1610612764,220,220,-110,-110
21701139,BetOnline,1096,1610612765,1610612752,210.5,210.5,-115,-105
21701140,BetOnline,1096,1610612761,1610612738,206,206,-112,-108
21701141,BetOnline,1096,1610612751,1610612748,213.5,213.5,-110,-110
21701142,BetOnline,1096,1610612744,1610612758,210,210,-110,-110
21701143,BetOnline,1096,1610612755,1610612766,222,222,-110,-110
21701144,BetOnline,1096,1610612764,1610612741,206.5,206.5,-110,-110
21701145,BetOnline,1096,1610612745,1610612759,205.5,205.5,-105,-115
21701146,BetOnline,1096,1610612754,1610612746,212.5,212.5,-105,-115
21701147,BetOnline,1096,1610612753,1610612737,209,209,-115,-105
21701148,BetOnline,1096,1610612765,1610612751,212.5,212.5,-115,-105
21701149,BetOnline,1096,1610612742,1610612739,213,213,-115,-105
21701150,BetOnline,1096,1610612760,1610612740,226.5,226.5,-110,-110
21701151,BetOnline,1096,1610612762,1610612750,208,208,-110,-110
21701152,BetOnline,1096,1610612749,1610612743,223,223,-115,-105
21701153,BetOnline,1096,1610612756,1610612744,214.5,214.5,-110,-110
21701154,BetOnline,1096,1610612763,1610612757,205,205,-110,-110
21701155,BetOnline,1096,1610612758,1610612747,211.5,211.5,-110,-110
21701156,BetOnline,1096,1610612761,1610612739,222,222,-110,-110
21701157,BetOnline,1096,1610612751,1610612755,225,225,-113,-107
21701158,BetOnline,1096,1610612737,1610612748,207.5,207.5,-105,-115
21701159,BetOnline,1096,1610612753,1610612752,209,209,-110,-110
21701160,BetOnline,1096,1610612766,1610612741,215,215,-110,-110
21701161,BetOnline,1096,1610612764,1610612745,214,214,-110,-110
21701162,BetOnline,1096,1610612738,1610612749,204.5,204.5,-109,-111
21701163,BetOnline,1096,1610612744,1610612760,221,221,-110,-110
21701164,BetOnline,1096,1610612757,1610612742,208,208,-107,-113
21701165,BetOnline,1096,1610612754,1610612743,212.5,212.5,-110,-110
21701166,BetOnline,1096,1610612747,1610612762,209.5,209.5,-110,-110
21701167,BetOnline,1096,1610612758,1610612756,208.5,208.5,-110,-110
21701168,BetOnline,1096,1610612759,1610612746,208,208,-110,-110
21701169,BetOnline,1096,1610612755,1610612765,216.5,216.5,-110,-110
21701170,BetOnline,1096,1610612742,1610612753,197,197,-107,-113
21701171,BetOnline,1096,1610612738,1610612761,203.5,203.5,-110,-110
21701172,BetOnline,1096,1610612748,1610612737,207,207,-110,-110
21701173,BetOnline,1096,1610612763,1610612740,217,217,-110,-110
21701174,BetOnline,1096,1610612759,1610612747,205,205,-108,-112
21701175,BetOnline,1096,1610612744,1610612754,211.5,211.5,-110,-110
21701176,BetOnline,1096,1610612764,1610612739,220,220,-110,-110
21701177,BetOnline,1096,1610612757,1610612745,211,211,-110,-110
21701178,BetOnline,1096,1610612751,1610612749,221.5,221.5,-110,-110
21701179,BetOnline,1096,1610612746,1610612762,211.5,211.5,-110,-110
21701180,BetOnline,1096,1610612750,1610612743,224.5,224.5,-110,-110
21701181,BetOnline,1096,1610612742,1610612765,201.5,201.5,-115,-105
21701182,BetOnline,1096,1610612766,1610612753,208,208,-110,-110
21701183,BetOnline,1096,1610612739,1610612755,226,226,-115,-105
21701184,BetOnline,1096,1610612737,1610612764,210,210,-110,-110
21701185,BetOnline,1096,1610612741,1610612738,203.5,203.5,-113,-107
21701186,BetOnline,1096,1610612748,1610612752,208,208,-110,-110
21701187,BetOnline,1096,1610612754,1610612761,210,210,-110,-110
21701188,BetOnline,1096,1610612758,1610612763,204,204,-110,-110
21701189,BetOnline,1096,1610612740,1610612756,217.5,217.5,-110,-110
21701190,BetOnline,1096,1610612750,1610612747,221,221,-110,-110
21701191,BetOnline,1096,1610612743,1610612746,222.5,222.5,-112,-108
21701192,BetOnline,1096,1610612749,1610612752,215.5,215.5,-112,-108
21701193,BetOnline,1096,1610612751,1610612741,221,221,-108,-112
21701194,BetOnline,1096,1610612760,1610612745,220.5,220.5,-112,-108
21701195,BetOnline,1096,1610612740,1610612744,226,226,-108,-112
21701196,BetOnline,1096,1610612757,1610612759,203.5,203.5,-110,-110
21701197,BetOnline,1096,1610612754,1610612766,214.5,214.5,-110,-110
21701198,BetOnline,1096,1610612742,1610612755,215,215,-105,-115
21701199,BetOnline,1096,1610612765,1610612763,202.5,202.5,-110,-110
21701200,BetOnline,1096,1610612753,1610612761,209.5,209.5,-110,-110
21701201,BetOnline,1096,1610612762,1610612747,208,208,-105,-115
21701202,BetOnline,1096,1610612737,1610612738,201,201,-110,-110
21701203,BetOnline,1096,1610612744,1610612756,216.5,216.5,-110,-110
21701204,BetOnline,1096,1610612761,1610612765,210.5,210.5,-111,-109
21701205,BetOnline,1096,1610612741,1610612751,218.5,218.5,-110,-110
21701206,BetOnline,1096,1610612760,1610612748,212.5,212.5,-107,-113
21701207,BetOnline,1096,1610612739,1610612752,222,222,-109,-111
21701208,BetOnline,1096,1610612753,1610612749,211.5,211.5,-110,-110
21701209,BetOnline,1096,1610612763,1610612750,215,215,-110,-110
21701210,BetOnline,1096,1610612758,1610612759,200.5,200.5,-108,-112
21701211,BetOnline,1096,1610612757,1610612743,220.5,220.5,-110,-110
21701212,BetOnline,1096,1610612740,1610612746,222.5,222.5,-112,-108
21701213,BetOnline,1096,1610612766,1610612754,216.5,216.5,-114,-106
21701214,BetOnline,1096,1610612755,1610612737,221,221,-113,-107
21701215,BetOnline,1096,1610612738,1610612764,204.5,204.5,-108,-112
21701216,BetOnline,1096,1610612756,1610612742,206.5,206.5,-110,-110
21701217,BetOnline,1096,1610612744,1610612762,211,211,-110,-110
21701218,BetOnline,1096,1610612745,1610612747,218,218,-105,-115
21701219,BetOnline,1096,1610612751,1610612738,205.5,205.5,-112,-108
21701220,BetOnline,1096,1610612752,1610612739,214,214,-107,-113
21701221,BetOnline,1096,1610612761,1610612748,203,203,-110,-110
21701222,BetOnline,1096,1610612764,1610612753,205,205,-114,-106
21701223,BetOnline,1096,1610612749,1610612755,220.5,220.5,-110,-110
21701224,BetOnline,1096,1610612765,1610612741,213,213,-110,-110
21701225,BetOnline,1096,1610612743,1610612750,216.5,216.5,-110,-110
21701226,BetOnline,1096,1610612759,1610612740,211.5,211.5,-110,-110
21701227,BetOnline,1096,1610612763,1610612760,211.5,211.5,-112,-108
21701228,BetOnline,1096,1610612747,1610612746,214.5,214.5,-109,-111
21701229,BetOnline,1096,1610612762,1610612757,202.5,202.5,-110,-110
21701230,BetOnline,1096,1610612745,1610612758,201,201,-110,-110