21700105,BetOnline,1096,1610612749,1610612766,4,-4,-110,-106
21700106,BetOnline,1096,1610612754,1610612739,10,-10,-105,-115
21700107,BetOnline,1096,1610612737,1610612755,8,-8,-121,101
21700108,BetOnline,1096,1610612756,1610612764,11,-11,-110,-110
21700109,BetOnline,1096,1610612758,1610612738,12,-12,-128,108
21700110,BetOnline,1096,1610612741,1610612748,10.5,-10.5,-128,108
21700111,BetOnline,1096,1610612745,1610612752,-5.5,5.5,-115,-105
21700112,BetOnline,1096,1610612753,1610612763,3,-3,-120,100
21700113,BetOnline,1096,1610612750,1610612740,2.5,-2.5,-117,-103
21700114,BetOnline,1096,1610612761,1610612743,1.5,-1.5,-105,-115
21700115,BetOnline,1096,1610612757,1610612762,3.5,-3.5,-105,-115
21700116,BetOnline,1096,1610612742,1610612746,10.5,-10.5,-110,-110
21700117,BetOnline,1096,1610612744,1610612759,-8.5,8.5,-110,-110
21700118,BetOnline,1096,1610612747,1610612757,6,-6,-110,-110
21700119,BetOnline,1096,1610612749,1610612765,1,-1,-110,-110
21700120,BetOnline,1096,1610612741,1610612753,7,-7,-109,-111
21700121,BetOnline,1096,1610612754,1610612755,5,-5,-108,-112
21700122,BetOnline,1096,1610612739,1610612764,3.5,-3.5,-113,-107
21700123,BetOnline,1096,1610612745,1610612737,-9,9,-113,-107
21700124,BetOnline,1096,1610612756,1610612752,4.5,-4.5,-105,-115
21700125,BetOnline,1096,1610612740,1610612742,-4.5,4.5,-110,-110
21700126,BetOnline,1096,1610612766,1610612759,4.5,-4.5,-110,-110
21700127,BetOnline,1096,1610612748,1610612743,5.5,-5.5,-110,-110
21700128,BetOnline,1096,1610612761,1610612762,1.5,-1.5,-103,-117
21700129,BetOnline,1096,1610612738,1610612760,6.5,-6.5,-110,-110
21700130,BetOnline,1096,1610612751,1610612747,3,-3,-117,-103
21700131,BetOnline,1096,1610612763,1610612746,5,-5,-102,-118
21700132,BetOnline,1096,1610612758,1610612765,9,-9,-112,-108
21700133,BetOnline,1096,1610612740,1610612741,-5.5,5.5,-106,-114
21700134,BetOnline,1096,1610612742,1610612750,12,-12,-117,-103
21700135,BetOnline,1096,1610612744,1610612743,-9,9,-110,-110
21700136,BetOnline,1096,1610612737,1610612739,11.5,-11.5,-108,-112
21700137,BetOnline,1096,1610612748,1610612746,5.5,-5.5,-116,-104
21700138,BetOnline,1096,1610612738,1610612753,-3.5,3.5,-108,-112
21700139,BetOnline,1096,1610612764,1610612761,6.5,-6.5,-110,-110
21700140,BetOnline,1096,1610612762,1610612745,6.5,-6.5,-115,-105
21700141,BetOnline,1096,1610612756,1610612759,9.5,-9.5,-115,-105
21700142,BetOnline,1096,1610612754,1610612752,-1,1,-112,-108
21700143,BetOnline,1096,1610612766,1610612750,5,-5,-105,-115
21700144,BetOnline,1096,1610612760,1610612757,-3,3,-105,-115
21700145,BetOnline,1096,1610612763,1610612747,-2.5,2.5,-111,-109
21700146,BetOnline,1096,1610612738,1610612737,-8,8,-107,-113
21700147,BetOnline,1096,1610612751,1610612756,-1,1,-110,-110
21700148,BetOnline,1096,1610612748,1610612744,14.5,-14.5,-112,-108
21700149,BetOnline,1096,1610612749,1610612739,5,-5,-108,-112
21700150,BetOnline,1096,1610612740,1610612754,-1.5,1.5,-115,-105
21700151,BetOnline,1096,1610612742,1610612764,10,-10,-117,-103
21700152,BetOnline,1096,1610612766,1610612752,-2,2,-108,-112
21700153,BetOnline,1096,1610612741,1610612761,11,-11,-102,-118
21700154,BetOnline,1096,1610612746,1610612759,4,-4,-110,-110
21700155,BetOnline,1096,1610612751,1610612743,12,-12,-106,-114
21700156,BetOnline,1096,1610612755,1610612762,6.5,-6.5,-105,-115
21700157,BetOnline,1096,1610612763,1610612757,2.5,-2.5,-108,-112
21700158,BetOnline,1096,1610612760,1610612758,-10.5,10.5,-110,-110
21700159,BetOnline,1096,1610612754,1610612765,6.5,-6.5,-110,-110
21700160,BetOnline,1096,1610612752,1610612753,9,-9,-110,-110
21700161,BetOnline,1096,1610612747,1610612738,6.5,-6.5,-102,-118
21700162,BetOnline,1096,1610612748,1610612756,-6,6,-110,-110
21700163,BetOnline,1096,1610612750,1610612744,8.5,-8.5,-107,-113
21700164,BetOnline,1096,1610612747,1610612764,9.5,-9.5,-110,-110
21700165,BetOnline,1096,1610612740,1610612761,5,-5,-110,-110
21700166,BetOnline,1096,1610612739,1610612745,5.5,-5.5,-110,-110
21700167,BetOnline,1096,1610612755,1610612758,-6.5,6.5,-112,-108
21700168,BetOnline,1096,1610612760,1610612743,-1.5,1.5,-120,100
21700169,BetOnline,1096,1610612737,1610612765,7.5,-7.5,-110,-110
21700170,BetOnline,1096,1610612766,1610612738,3,-3,-105,-115
21700171,BetOnline,1096,1610612754,1610612741,-3.5,3.5,-110,-110
21700172,BetOnline,1096,1610612746,1610612760,5.5,-5.5,-108,-112
21700173,BetOnline,1096,1610612749,1610612759,4.5,-4.5,-110,-110
21700174,BetOnline,1096,1610612753,1610612756,-4,4,-110,-110
21700175,BetOnline,1096,1610612748,1610612762,2.5,-2.5,-105,-115
21700176,BetOnline,1096,1610612751,1610612757,8.5,-8.5,-102,-118
21700177,BetOnline,1096,1610612737,1610612764,10,-10,-112,-108
21700178,BetOnline,1096,1610612746,1610612740,6,-6,-115,-105
21700179,BetOnline,1096,1610612758,1610612752,6.5,-6.5,-104,-116
21700180,BetOnline,1096,1610612763,1610612745,7,-7,-106,-114
21700181,BetOnline,1096,1610612739,1610612742,-6,6,-116,-104
21700182,BetOnline,1096,1610612747,1610612749,6,-6,-104,-116
21700183,BetOnline,1096,1610612741,1610612759,10,-10,-112,-108
21700184,BetOnline,1096,1610612755,1610612744,13.5,-13.5,-115,-105
21700185,BetOnline,1096,1610612753,1610612743,9,-9,-106,-114
21700186,BetOnline,1096,1610612750,1610612756,-10,10,-110,-110
21700187,BetOnline,1096,1610612751,1610612762,7,-7,-110,-110
21700188,BetOnline,1096,1610612761,1610612738,-3.5,3.5,-112,-108
21700189,BetOnline,1096,1610612748,1610612765,2.5,-2.5,-115,-105
21700190,BetOnline,1096,1610612745,1610612754,-3.5,3.5,-110,-110
21700191,BetOnline,1096,1610612742,1610612760,10,-10,-105,-115
21700192,BetOnline,1096,1610612758,1610612764,11,-11,-116,-104
21700193,BetOnline,1096,1610612739,1610612752,-5,5,-117,-103
21700194,BetOnline,1096,1610612763,1610612749,4,-4,-108,-112
21700195,BetOnline,1096,1610612737,1610612740,9.5,-9.5,-106,-114
21700196,BetOnline,1096,1610612747,1610612756,1,-1,-115,-105
21700197,BetOnline,1096,1610612750,1610612762,-3,3,-105,-115
21700198,BetOnline,1096,1610612743,1610612757,1.5,-1.5,-102,-118
21700199,BetOnline,1096,1610612753,1610612744,12,-12,-103,-117
21700200,BetOnline,1096,1610612755,1610612746,2,-2,-110,-110
21700201,BetOnline,1096,1610612738,1610612751,-6.5,6.5,-108,-112
21700202,BetOnline,1096,1610612761,1610612745,6.5,-6.5,-115,-105
21700203,BetOnline,1096,1610612759,1610612742,-6.5,6.5,-103,-117
21700204,BetOnline,1096,1610612758,1610612737,5,-5,-105,-115
21700205,BetOnline,1096,1610612764,1610612748,2,-2,-108,-112
21700206,BetOnline,1096,1610612762,1610612752,3.5,-3.5,-106,-114
21700207,BetOnline,1096,1610612739,1610612766,0,0,-112,-108
21700208,BetOnline,1096,1610612754,1610612763,3,-3,-110,-110
21700209,BetOnline,1096,1610612765,1610612749,4.5,-4.5,-102,-118
21700210,BetOnline,1096,1610612759,1610612750,5,-5,-110,-110
21700211,BetOnline,1096,1610612761,1610612740,3,-3,-112,-108
21700212,BetOnline,1096,1610612741,1610612760,12.5,-12.5,-105,-115
21700213,BetOnline,1096,1610612753,1610612757,5,-5,-103,-117
21700214,BetOnline,1096,1610612755,1610612747,-4,4,-115,-105
21700215,BetOnline,1096,1610612744,1610612738,-7,7,-105,-115
21700216,BetOnline,1096,1610612745,1610612756,-12.5,12.5,-112,-108
21700217,BetOnline,1096,1610612765,1610612754,1,-1,-109,-111
21700218,BetOnline,1096,1610612748,1610612764,4.5,-4.5,-106,-114
21700219,BetOnline,1096,1610612762,1610612751,2,-2,-111,-109
21700220,BetOnline,1096,1610612746,1610612739,6.5,-6.5,-102,-118
21700221,BetOnline,1096,1610612752,1610612761,7.5,-7.5,-115,-105
21700222,BetOnline,1096,1610612766,1610612741,-6.5,6.5,-115,-105
21700223,BetOnline,1096,1610612760,1610612759,-1.5,1.5,-115,-105
21700224,BetOnline,1096,1610612750,1610612742,-5.5,5.5,-114,-106
21700225,BetOnline,1096,1610612757,1610612758,-7,7,-114,-106
21700226,BetOnline,1096,1610612740,1610612743,5,-5,-110,-110
21700227,BetOnline,1096,1610612756,1610612747,7.5,-7.5,-105,-115
21700228,BetOnline,1096,1610612746,1610612766,5,-5,-116,-104
21700229,BetOnline,1096,1610612762,1610612753,6,-6,-107,-113
21700230,BetOnline,1096,1610612738,1610612737,-6,6,-112,-108
21700231,BetOnline,1096,1610612744,1610612755,-9,9,-113,-107
21700232,BetOnline,1096,1610612745,1610612763,-7.5,7.5,-110,-110
21700233,BetOnline,1096,1610612749,1610612742,-6,6,-115,-105
21700234,BetOnline,1096,1610612758,1610612757,12,-12,-107,-113
21700235,BetOnline,1096,1610612754,1610612748,5.5,-5.5,-105,-115
21700236,BetOnline,1096,1610612744,1610612751,-11.5,11.5,-110,-110
21700237,BetOnline,1096,1610612764,1610612761,6.5,-6.5,-109,-111
21700238,BetOnline,1096,1610612765,1610612750,6,-6,-115,-105
21700239,BetOnline,1096,1610612741,1610612756,2.5,-2.5,-110,-110
21700240,BetOnline,1096,1610612743,1610612747,-5.5,5.5,-101,-119
21700241,BetOnline,1096,1610612750,1610612766,2.5,-2.5,-103,-117
21700242,BetOnline,1096,1610612739,1610612765,-1.5,1.5,-115,-105
21700243,BetOnline,1096,1610612754,1610612753,3.5,-3.5,-103,-117
21700244,BetOnline,1096,1610612762,1610612755,6,-6,-113,-107
21700245,BetOnline,1096,1610612746,1610612752,-2,2,-106,-114
21700246,BetOnline,1096,1610612757,1610612763,-1,1,-110,-110
21700247,BetOnline,1096,1610612764,1610612749,3.5,-3.5,-108,-112
21700248,BetOnline,1096,1610612760,1610612740,-3,3,-106,-114
21700249,BetOnline,1096,1610612738,1610612742,-6.5,6.5,-110,-110
21700250,BetOnline,1096,1610612737,1610612759,9,-9,-112,-108
21700251,BetOnline,1096,1610612743,1610612758,-5,5,-113,-107
21700252,BetOnline,1096,1610612741,1610612747,5.5,-5.5,-108,-112
21700253,BetOnline,1096,1610612764,1610612766,3,-3,-109,-111
21700254,BetOnline,1096,1610612751,1610612739,11.5,-11.5,-112,-108
21700255,BetOnline,1096,1610612757,1610612755,4,-4,-108,-112
21700256,BetOnline,1096,1610612746,1610612737,-3,3,-110,-110
21700257,BetOnline,1096,1610612738,1610612748,-1.5,1.5,-110,-110
21700258,BetOnline,1096,1610612761,1610612752,-4,4,-113,-107
21700259,BetOnline,1096,1610612743,1610612745,9,-9,-118,-102
21700260,BetOnline,1096,1610612742,1610612763,5.5,-5.5,-106,-114
21700261,BetOnline,1096,1610612753,1610612750,7,-7,-112,-108
21700262,BetOnline,1096,1610612759,1610612740,1,-1,-105,-115
21700263,BetOnline,1096,1610612744,1610612760,-5.5,5.5,-106,-114
21700264,BetOnline,1096,1610612749,1610612756,-2,2,-107,-113
21700265,BetOnline,1096,1610612741,1610612762,8.5,-8.5,-107,-113
21700266,BetOnline,1096,1610612747,1610612758,1,-1,-107,-113
21700267,BetOnline,1096,1610612757,1610612751,-4.5,4.5,-115,-105
21700268,BetOnline,1096,1610612752,1610612737,1.5,-1.5,-110,-110
21700269,BetOnline,1096,1610612753,1610612738,6.5,-6.5,-110,-110
21700270,BetOnline,1096,1610612766,1610612739,5,-5,-103,-117
21700271,BetOnline,1096,1610612761,1610612754,-2,2,-105,-115
21700272,BetOnline,1096,1610612748,1610612750,3.5,-3.5,-116,-104
21700273,BetOnline,1096,1610612765,1610612760,8.5,-8.5,-107,-113
21700274,BetOnline,1096,1610612763,1610612743,6,-6,-105,-115
21700275,BetOnline,1096,1610612740,1610612756,-6.5,6.5,-113,-107
21700276,BetOnline,1096,1610612741,1610612744,16,-16,-112,-108
21700277,BetOnline,1096,1610612759,1610612766,2,-2,-105,-115
21700278,BetOnline,1096,1610612753,1610612755,5,-5,-106,-114
21700279,BetOnline,1096,1610612757,1610612764,4.5,-4.5,-113,-107
21700280,BetOnline,1096,1610612761,1610612737,-6.5,6.5,-106,-114
21700281,BetOnline,1096,1610612738,1610612754,-3.5,3.5,-106,-114
21700282,BetOnline,1096,1610612752,1610612745,18.5,-18.5,-110,-110
21700283,BetOnline,1096,1610612760,1610612742,-6,6,-113,-107
21700284,BetOnline,1096,1610612740,1610612744,10.5,-10.5,-113,-107
21700285,BetOnline,1096,1610612749,1610612762,-2,2,-112,-108
21700286,BetOnline,1096,1610612746,1610612758,-4,4,-112,-108
21700287,BetOnline,1096,1610612748,1610612741,-7.5,7.5,-108,-112
21700288,BetOnline,1096,1610612756,1610612750,11,-11,-117,-103
21700289,BetOnline,1096,1610612751,1610612763,6,-6,-116,-104
21700290,BetOnline,1096,1610612753,1610612754,4.5,-4.5,-114,-106
21700291,BetOnline,1096,1610612739,1610612755,2.5,-2.5,-110,-110
21700292,BetOnline,1096,1610612765,1610612738,6,-6,-108,-112
21700293,BetOnline,1096,1610612757,1610612752,-1.5,1.5,-113,-107
21700294,BetOnline,1096,1610612751,1610612745,18,-18,-106,-114
21700295,BetOnline,1096,1610612742,1610612759,9,-9,-112,-108
21700296,BetOnline,1096,1610612758,1610612744,13,-13,-116,-104
21700297,BetOnline,1096,1610612747,1610612746,4.5,-4.5,-114,-106
21700298,BetOnline,1096,1610612748,1610612739,4,-4,-114,-106
21700299,BetOnline,1096,1610612756,1610612741,1,-1,-115,-105
21700300,BetOnline,1096,1610612764,1610612750,5,-5,-111,-109
21700301,BetOnline,1096,1610612743,1610612762,-1,1,-113,-107
21700302,BetOnline,1096,1610612749,1610612758,-6.5,6.5,-112,-108
21700303,BetOnline,1096,1610612756,1610612765,11,-11,-105,-115
21700304,BetOnline,1096,1610612760,1610612753,-6,6,-103,-117
21700305,BetOnline,1096,1610612764,1610612755,7.5,-7.5,-110,-110
21700306,BetOnline,1096,1610612748,1610612752,1.5,-1.5,-102,-118
21700307,BetOnline,1096,1610612766,1610612761,7.5,-7.5,-115,-105
21700308,BetOnline,1096,1610612754,1610612745,11,-11,-104,-116
21700309,BetOnline,1096,1610612750,1610612740,6.5,-6.5,-113,-107
21700310,BetOnline,1096,1610612751,1610612742,5.5,-5.5,-115,-105
21700311,BetOnline,1096,1610612763,1610612759,9,-9,-113,-107
21700312,BetOnline,1096,1610612744,1610612747,-13.5,13.5,-107,-113
21700313,BetOnline,1096,1610612739,1610612737,-7.5,7.5,-111,-109
21700314,BetOnline,1096,1610612755,1610612738,8.5,-8.5,-113,-107
21700315,BetOnline,1096,1610612741,1610612743,10.5,-10.5,-113,-107
21700316,BetOnline,1096,1610612749,1610612757,4,-4,-102,-118
21700317,BetOnline,1096,1610612762,1610612746,1,-1,-115,-105
21700318,BetOnline,1096,1610612744,1610612753,-10.5,10.5,-113,-107
21700319,BetOnline,1096,1610612754,1610612761,7,-7,-111,-109
21700320,BetOnline,1096,1610612765,1610612764,-1,1,-108,-112
21700321,BetOnline,1096,1610612766,1610612748,2,-2,-112,-108
21700322,BetOnline,1096,1610612758,1610612741,-1,1,-107,-113
21700323,BetOnline,1096,1610612759,1610612763,-3.5,3.5,-106,-114
21700324,BetOnline,1096,1610612750,1610612760,5.5,-5.5,-117,-103
21700325,BetOnline,1096,1610612740,1610612762,-3.5,3.5,-108,-112
21700326,BetOnline,1096,1610612756,1610612738,12,-12,-104,-116
21700327,BetOnline,1096,1610612746,1610612742,5,-5,-110,-110
21700328,BetOnline,1096,1610612737,1610612751,4.5,-4.5,-107,-113
21700329,BetOnline,1096,1610612763,1610612739,11.5,-11.5,-105,-115
21700330,BetOnline,1096,1610612765,1610612755,4,-4,-106,-114
21700331,BetOnline,1096,1610612758,1610612749,13,-13,-106,-114
21700332,BetOnline,1096,1610612747,1610612743,3.5,-3.5,-114,-106
21700333,BetOnline,1096,1610612740,1610612757,7.5,-7.5,-110,-110
21700334,BetOnline,1096,1610612753,1610612752,-2.5,2.5,-113,-107
21700335,BetOnline,1096,1610612744,1610612748,-10.5,10.5,-113,-107
21700336,BetOnline,1096,1610612746,1610612750,12,-12,-113,-107
21700337,BetOnline,1096,1610612759,1610612760,8.5,-8.5,-110,-110
21700338,BetOnline,1096,1610612745,1610612747,-12,12,-108,-112
21700339,BetOnline,1096,1610612753,1610612766,7.5,-7.5,-112,-108
21700340,BetOnline,1096,1610612752,1610612754,11,-11,-105,-115
21700341,BetOnline,1096,1610612756,1610612755,10,-10,-107,-113
21700342,BetOnline,1096,1610612751,1610612737,1,-1,-110,-110
21700343,BetOnline,1096,1610612749,1610612738,4.5,-4.5,-107,-113
21700344,BetOnline,1096,1610612739,1610612741,-9,9,-105,-115
21700345,BetOnline,1096,1610612750,1610612763,-3,3,-114,-106
21700346,BetOnline,1096,1610612744,1610612740,-9,9,-115,-105
21700347,BetOnline,1096,1610612743,1610612742,2.5,-2.5,-109,-111
21700348,BetOnline,1096,1610612765,1610612759,4,-4,-113,-107
21700349,BetOnline,1096,1610612764,1610612762,4,-4,-106,-114
21700350,BetOnline,1096,1610612756,1610612761,14.5,-14.5,-111,-109
21700351,BetOnline,1096,1610612762,1610612760,8,-8,-107,-113
21700352,BetOnline,1096,1610612764,1610612757,6.5,-6.5,-105,-115
21700353,BetOnline,1096,1610612758,1610612739,12.5,-12.5,-108,-112
21700354,BetOnline,1096,1610612741,1610612754,10,-10,-105,-115
21700355,BetOnline,1096,1610612737,1610612753,6.5,-6.5,-111,-109
21700356,BetOnline,1096,1610612742,1610612738,8,-8,-112,-108
21700357,BetOnline,1096,1610612763,1610612752,1.5,-1.5,-109,-111
21700358,BetOnline,1096,1610612744,1610612766,-3,3,-107,-113
21700359,BetOnline,1096,1610612765,1610612749,4,-4,-106,-114
21700360,BetOnline,1096,1610612743,1610612740,5.5,-5.5,-112,-108
21700361,BetOnline,1096,1610612748,1610612759,7.5,-7.5,-108,-112
21700362,BetOnline,1096,1610612750,1610612746,-5.5,5.5,-110,-110
21700363,BetOnline,1096,1610612747,1610612755,8.5,-8.5,-110,-110
21700364,BetOnline,1096,1610612764,1610612756,-6,6,-110,-110
21700365,BetOnline,1096,1610612760,1610612751,-7,7,-112,-108
21700366,BetOnline,1096,1610612745,1610612762,-6,6,-110,-110
21700367,BetOnline,1096,1610612741,1610612766,9.5,-9.5,-110,-110
21700368,BetOnline,1096,1610612744,1610612765,-5.5,5.5,100,-120
21700369,BetOnline,1096,1610612739,1610612754,-3.5,3.5,-110,-110
21700370,BetOnline,1096,1610612743,1610612753,1.5,-1.5,-105,-115
21700371,BetOnline,1096,1610612761,1610612763,-5.5,5.5,-110,-110
21700372,BetOnline,1096,1610612742,1610612749,6.5,-6.5,-107,-113
21700373,BetOnline,1096,1610612758,1610612740,9.5,-9.5,-108,-112
21700374,BetOnline,1096,1610612738,1610612759,2.5,-2.5,-110,-110
21700375,BetOnline,1096,1610612764,1610612746,-2,2,-105,-115
21700376,BetOnline,1096,1610612748,1610612751,-2.5,2.5,-107,-113
21700377,BetOnline,1096,1610612747,1610612766,3.5,-3.5,-108,-112
21700378,BetOnline,1096,1610612753,1610612737,5,-5,-110,-110
21700379,BetOnline,1096,1610612755,1610612739,5.5,-5.5,-115,-105
21700380,BetOnline,1096,1610612752,1610612741,-3,3,-107,-113
21700381,BetOnline,1096,1610612762,1610612749,1,-1,-114,-106
21700382,BetOnline,1096,1610612760,1610612763,-4.5,4.5,-115,-105
21700383,BetOnline,1096,1610612759,1610612756,-5,5,-103,-117
21700384,BetOnline,1096,1610612745,1610612757,-8.5,8.5,-107,-113
21700385,BetOnline,1096,1610612761,1610612758,-9,9,-110,-110
21700386,BetOnline,1096,1610612738,1610612765,-1.5,1.5,-108,-112
21700387,BetOnline,1096,1610612743,1610612754,5,-5,-110,-110
21700388,BetOnline,1096,1610612742,1610612750,8,-8,-115,-105
21700389,BetOnline,1096,1610612755,1610612740,7,-7,-107,-113
21700390,BetOnline,1096,1610612737,1610612752,5.5,-5.5,-104,-116
21700391,BetOnline,1096,1610612738,1610612741,-5,5,-108,-112
21700392,BetOnline,1096,1610612740,1610612745,14,-14,-107,-113
21700393,BetOnline,1096,1610612748,1610612763,1.5,-1.5,-110,-110
21700394,BetOnline,1096,1610612766,1610612760,7.5,-7.5,-105,-115
21700395,BetOnline,1096,1610612757,1610612744,8.5,-8.5,-115,-105
21700396,BetOnline,1096,1610612761,1610612746,-6,6,-110,-110
21700397,BetOnline,1096,1610612737,1610612739,12,-12,-110,-110
21700398,BetOnline,1096,1610612743,1610612765,6.5,-6.5,-110,-110
21700399,BetOnline,1096,1610612747,1610612752,2.5,-2.5,-108,-112
21700400,BetOnline,1096,1610612764,1610612751,-3.5,3.5,-103,-117
21700401,BetOnline,1096,1610612755,1610612750,5,-5,-107,-113
21700402,BetOnline,1096,1610612759,1610612742,-6,6,-110,-110
21700403,BetOnline,1096,1610612756,1610612758,4.5,-4.5,-108,-112
21700404,BetOnline,1096,1610612760,1610612754,-1,1,-107,-113
21700405,BetOnline,1096,1610612746,1610612753,-1,1,-115,-105
21700406,BetOnline,1096,1610612763,1610612764,7.5,-7.5,-108,-112
21700407,BetOnline,1096,1610612743,1610612738,6,-6,-108,-112
21700408,BetOnline,1096,1610612757,1610612748,2.5,-2.5,-108,-112
21700409,BetOnline,1096,1610612762,1610612741,-5.5,5.5,-110,-110
21700410,BetOnline,1096,1610612749,1610612740,2.5,-2.5,-114,-106
21700411,BetOnline,1096,1610612761,1610612756,-12,12,-110,-110
21700412,BetOnline,1096,1610612766,1610612745,12,-12,-110,-110
21700413,BetOnline,1096,1610612765,1610612737,-4,4,-109,-111
21700414,BetOnline,1096,1610612752,1610612751,1.5,-1.5,-113,-107
21700415,BetOnline,1096,1610612747,1610612739,10,-10,-114,-106
21700416,BetOnline,1096,1610612758,1610612750,11,-11,-109,-111
21700417,BetOnline,1096,1610612742,1610612744,10,-10,-109,-111
21700418,BetOnline,1096,1610612748,1610612766,5,-5,-105,-115
21700419,BetOnline,1096,1610612765,1610612754,5,-5,-106,-114
21700420,BetOnline,1096,1610612757,1610612753,-4.5,4.5,-106,-114
21700421,BetOnline,1096,1610612760,1610612755,1.5,-1.5,-107,-113
21700422,BetOnline,1096,1610612746,1610612764,10.5,-10.5,-108,-112
21700423,BetOnline,1096,1610612762,1610612738,4.5,-4.5,-106,-114
21700424,BetOnline,1096,1610612751,1610612761,13.5,-13.5,-110,-110
21700425,BetOnline,1096,1610612737,1610612763,6.5,-6.5,-106,-114
21700426,BetOnline,1096,1610612741,1610612749,8.5,-8.5,-108,-112
21700427,BetOnline,1096,1610612740,1610612743,1.5,-1.5,-110,-110
21700428,BetOnline,1096,1610612759,1610612745,8,-8,-114,-106
21700429,BetOnline,1096,1610612757,1610612766,3.5,-3.5,-103,-117
21700430,BetOnline,1096,1610612762,1610612739,9.5,-9.5,-115,-105
21700431,BetOnline,1096,1610612760,1610612752,-5,5,-110,-110
21700432,BetOnline,1096,1610612746,1610612748,6,-6,-108,-112
21700433,BetOnline,1096,1610612749,1610612745,10.5,-10.5,-103,-117
21700434,BetOnline,1096,1610612756,1610612750,12,-12,-112,-108
21700435,BetOnline,1096,1610612742,1610612759,6,-6,-111,-109
21700436,BetOnline,1096,1610612738,1610612763,-5.5,5.5,-113,-107
21700437,BetOnline,1096,1610612758,1610612761,12,-12,-112,-108
21700438,BetOnline,1096,1610612753,1610612765,8.5,-8.5,-113,-107
21700439,BetOnline,1096,1610612754,1610612751,-3.5,3.5,-112,-108
21700440,BetOnline,1096,1610612739,1610612764,2.5,-2.5,-115,-105
21700441,BetOnline,1096,1610612752,1610612766,8.5,-8.5,-110,-110
21700442,BetOnline,1096,1610612738,1610612754,-2.5,2.5,-115,-105
21700443,BetOnline,1096,1610612748,1610612737,2,-2,-110,-110
21700444,BetOnline,1096,1610612755,1610612741,-2,2,-107,-113
21700445,BetOnline,1096,1610612762,1610612745,12,-12,-110,-110
21700446,BetOnline,1096,1610612757,1610612750,4.5,-4.5,-112,-108
21700447,BetOnline,1096,1610612743,1610612760,5,-5,-111,-109
21700448,BetOnline,1096,1610612756,1610612742,7.5,-7.5,-107,-113
21700449,BetOnline,1096,1610612746,1610612759,11.5,-11.5,-115,-105
21700450,BetOnline,1096,1610612744,1610612747,-5.5,5.5,-106,-114
21700451,BetOnline,1096,1610612758,1610612755,8,-8,-105,-115
21700452,BetOnline,1096,1610612740,1610612764,2,-2,-110,-110
21700453,BetOnline,1096,1610612739,1610612749,-1.5,1.5,-110,-110
21700454,BetOnline,1096,1610612761,1610612766,-2,2,-106,-114
21700455,BetOnline,1096,1610612754,1610612737,-4.5,4.5,-111,-109
21700456,BetOnline,1096,1610612748,1610612738,9,-9,-106,-114
21700457,BetOnline,1096,1610612758,1610612751,5.5,-5.5,-110,-110
21700458,BetOnline,1096,1610612753,1610612741,5,-5,-107,-113
21700459,BetOnline,1096,1610612747,1610612745,14.5,-14.5,-110,-110
21700460,BetOnline,1096,1610612762,1610612760,8,-8,-111,-109
21700461,BetOnline,1096,1610612765,1610612742,1.5,-1.5,-110,-110
21700462,BetOnline,1096,1610612750,1610612743,1,-1,-111,-109
21700463,BetOnline,1096,1610612759,1610612757,2.5,-2.5,-107,-113
21700464,BetOnline,1096,1610612763,1610612744,9.5,-9.5,-109,-111
21700465,BetOnline,1096,1610612756,1610612746,5.5,-5.5,-108,-112
21700466,BetOnline,1096,1610612741,1610612739,10,-10,-110,-110
21700467,BetOnline,1096,1610612761,1610612755,-4,4,-110,-110
21700468,BetOnline,1096,1610612738,1610612752,-2.5,2.5,-115,-105
21700469,BetOnline,1096,1610612763,1610612756,-3.5,3.5,-110,-110
21700470,BetOnline,1096,1610612759,1610612762,-2,2,-108,-112
21700471,BetOnline,1096,1610612752,1610612765,6.5,-6.5,-106,-114
21700472,BetOnline,1096,1610612740,1610612753,-6.5,6.5,-109,-111
21700473,BetOnline,1096,1610612764,1610612751,-6.5,6.5,-116,-104
21700474,BetOnline,1096,1610612742,1610612748,-2,2,-112,-108
21700475,BetOnline,1096,1610612746,1610612745,12,-12,-111,-109
21700476,BetOnline,1096,1610612766,1610612749,5,-5,-114,-106
21700477,BetOnline,1096,1610612737,1610612760,11,-11,-110,-110
21700478,BetOnline,1096,1610612743,1610612757,-2,2,-112,-108
21700479,BetOnline,1096,1610612747,1610612744,11.5,-11.5,-105,-115
21700480,BetOnline,1096,1610612755,1610612761,7.5,-7.5,-110,-110
21700481,BetOnline,1096,1610612749,1610612766,5,-5,-112,-108
21700482,BetOnline,1096,1610612751,1610612754,9.5,-9.5,-112,-108
21700483,BetOnline,1096,1610612753,1610612764,12.5,-12.5,-110,-110
21700484,BetOnline,1096,1610612742,1610612737,-1.5,1.5,-115,-105
21700485,BetOnline,1096,1610612741,1610612738,8,-8,-112,-108
21700486,BetOnline,1096,1610612740,1610612748,-3,3,-115,-105
21700487,BetOnline,1096,1610612746,1610612763,2.5,-2.5,-110,-110
21700488,BetOnline,1096,1610612760,1610612762,1.5,-1.5,-112,-108
21700489,BetOnline,1096,1610612743,1610612744,8.5,-8.5,-114,-106
21700490,BetOnline,1096,1610612750,1610612756,-8,8,-110,-110
21700491,BetOnline,1096,1610612757,1610612747,3.5,-3.5,-112,-108
21700492,BetOnline,1096,1610612759,1610612758,-6,6,-115,-105
21700493,BetOnline,1096,1610612755,1610612752,-1.5,1.5,-110,-110
21700494,BetOnline,1096,1610612739,1610612744,4.5,-4.5,-112,-108
21700495,BetOnline,1096,1610612764,1610612738,4,-4,-108,-112
21700496,BetOnline,1096,1610612745,1610612760,2.5,-2.5,-110,-110
21700497,BetOnline,1096,1610612750,1610612747,-6,6,-115,-105
21700498,BetOnline,1096,1610612754,1610612765,1.5,-1.5,-109,-111
21700499,BetOnline,1096,1610612761,1610612742,-6,6,-109,-111
21700500,BetOnline,1096,1610612753,1610612748,9,-9,-110,-110
21700501,BetOnline,1096,1610612741,1610612749,7.5,-7.5,-104,-116
21700502,BetOnline,1096,1610612751,1610612759,12,-12,-107,-113
21700503,BetOnline,1096,1610612762,1610612743,6,-6,-108,-112
21700504,BetOnline,1096,1610612763,1610612756,-1.5,1.5,-110,-110
21700505,BetOnline,1096,1610612758,1610612746,6,-6,-110,-110
21700506,BetOnline,1096,1610612738,1610612766,-1,1,-110,-110
21700507,BetOnline,1096,1610612742,1610612754,3.5,-3.5,-105,-115
21700508,BetOnline,1096,1610612764,1610612737,-5.5,5.5,-110,-110
21700509,BetOnline,1096,1610612752,1610612741,1.5,-1.5,-105,-115
21700510,BetOnline,1096,1610612743,1610612750,5,-5,-110,-110
21700511,BetOnline,1096,1610612751,1610612740,9,-9,-107,-113
21700512,BetOnline,1096,1610612761,1610612760,3.5,-3.5,-105,-115
21700513,BetOnline,1096,1610612739,1610612758,-9,9,-107,-113
21700514,BetOnline,1096,1610612762,1610612744,11,-11,-115,-105
21700515,BetOnline,1096,1610612763,1610612747,3.5,-3.5,-110,-110
21700516,BetOnline,1096,1610612765,1610612753,-4,4,-105,-115
21700517,BetOnline,1096,1610612745,1610612738,-2,2,-107,-113
21700518,BetOnline,1096,1610612750,1610612749,4,-4,-105,-115
21700519,BetOnline,1096,1610612752,1610612759,10.5,-10.5,-112,-108
21700520,BetOnline,1096,1610612755,1610612757,-2,2,-107,-113
21700521,BetOnline,1096,1610612745,1610612764,-1.5,1.5,-115,-105
21700522,BetOnline,1096,1610612737,1610612761,11,-11,-115,-105
21700523,BetOnline,1096,1610612751,1610612748,6,-6,-110,-110
21700524,BetOnline,1096,1610612754,1610612741,2.5,-2.5,-110,-110
21700525,BetOnline,1096,1610612742,1610612740,6.5,-6.5,-105,-115
21700526,BetOnline,1096,1610612749,1610612760,5.5,-5.5,-115,-105
21700527,BetOnline,1096,1610612756,1610612758,3,-3,-112,-108
21700528,BetOnline,1096,1610612766,1610612744,10,-10,-110,-110
21700529,BetOnline,1096,1610612746,1610612747,-3,3,-108,-112
21700530,BetOnline,1096,1610612759,1610612765,-5,5,-109,-111
21700531,BetOnline,1096,1610612748,1610612753,-1,1,-110,-110
21700532,BetOnline,1096,1610612752,1610612740,5.5,-5.5,-105,-115
21700533,BetOnline,1096,1610612757,1610612737,-2,2,-109,-111
21700534,BetOnline,1096,1610612739,1610612762,-2.5,2.5,-111,-109
21700535,BetOnline,1096,1610612763,1610612744,14.5,-14.5,-108,-112
21700536,BetOnline,1096,1610612755,1610612743,7,-7,-111,-109
21700537,BetOnline,1096,1610612741,1610612764,8,-8,-110,-110
21700538,BetOnline,1096,1610612750,1610612754,-3,3,-108,-112
21700539,BetOnline,1096,1610612751,1610612738,9.5,-9.5,-110,-110
21700540,BetOnline,1096,1610612747,1610612745,14.5,-14.5,-110,-110
21700541,BetOnline,1096,1610612742,1610612760,8,-8,-111,-109
21700542,BetOnline,1096,1610612766,1610612746,2,-2,-112,-108
21700543,BetOnline,1096,1610612763,1610612758,2.5,-2.5,-115,-105
21700544,BetOnline,1096,1610612755,1610612756,-3.5,3.5,-110,-110
21700545,BetOnline,1096,1610612753,1610612751,1.5,-1.5,-109,-111
21700546,BetOnline,1096,1610612749,1610612761,6,-6,-110,-110
21700547,BetOnline,1096,1610612757,1610612741,3,-3,-115,-105
21700548,BetOnline,1096,1610612747,1610612750,9.5,-9.5,-105,-115
21700549,BetOnline,1096,1610612757,1610612739,8.5,-8.5,-109,-111
21700550,BetOnline,1096,1610612759,1610612752,-5.5,5.5,-108,-112
21700551,BetOnline,1096,1610612737,1610612756,1,-1,-112,-108
21700552,BetOnline,1096,1610612766,1610612758,-4,4,-110,-110
21700553,BetOnline,1096,1610612763,1610612746,5.5,-5.5,-105,-115
21700554,BetOnline,1096,1610612745,1610612753,-7.5,7.5,-107,-113
21700555,BetOnline,1096,1610612759,1610612755,4.5,-4.5,-112,-108
21700556,BetOnline,1096,1610612752,1610612764,9.5,-9.5,-110,-110
21700557,BetOnline,1096,1610612750,1610612751,-6,6,-109,-111
21700558,BetOnline,1096,1610612765,1610612748,4.5,-4.5,-105,-115
21700559,BetOnline,1096,1610612739,1610612738,3,-3,-104,-116
21700560,BetOnline,1096,1610612761,1610612741,-4.5,4.5,-116,-104
21700561,BetOnline,1096,1610612754,1610612749,7.5,-7.5,-105,-115
21700562,BetOnline,1096,1610612744,1610612742,-9,9,-110,-110
21700563,BetOnline,1096,1610612756,1610612743,12,-12,-107,-113
21700564,BetOnline,1096,1610612740,1610612762,1,-1,-110,-110
21700565,BetOnline,1096,1610612760,1610612747,-5.5,5.5,-110,-110
21700566,BetOnline,1096,1610612744,1610612745,-4.5,4.5,-112,-108
21700567,BetOnline,1096,1610612760,1610612746,-1.5,1.5,-110,-110
21700568,BetOnline,1096,1610612752,1610612748,6.5,-6.5,-110,-110
21700569,BetOnline,1096,1610612765,1610612755,5.5,-5.5,-105,-115
21700570,BetOnline,1096,1610612750,1610612738,3,-3,-108,-112
21700571,BetOnline,1096,1610612761,1610612749,1.5,-1.5,-106,-114
21700572,BetOnline,1096,1610612741,1610612742,4,-4,-110,-110
21700573,BetOnline,1096,1610612756,1610612759,11.5,-11.5,-108,-112
21700574,BetOnline,1096,1610612762,1610612743,6.5,-6.5,-113,-107
21700575,BetOnline,1096,1610612764,1610612763,-4.5,4.5,-110,-110
21700576,BetOnline,1096,1610612737,1610612757,7.5,-7.5,-110,-110
21700577,BetOnline,1096,1610612766,1610612747,-2,2,-110,-110
21700578,BetOnline,1096,1610612744,1610612746,-8,8,-112,-108
21700579,BetOnline,1096,1610612738,1610612751,-2.5,2.5,-114,-106
21700580,BetOnline,1096,1610612745,1610612765,-6,6,-113,-107
21700581,BetOnline,1096,1610612741,1610612754,5.5,-5.5,-104,-116
21700582,BetOnline,1096,1610612739,1610612753,-9,9,-112,-108
21700583,BetOnline,1096,1610612749,1610612764,3,-3,-107,-113
21700584,BetOnline,1096,1610612740,1610612750,1,-1,-111,-109
21700585,BetOnline,1096,1610612743,1610612758,-8.5,8.5,-110,-110
21700586,BetOnline,1096,1610612762,1610612748,3.5,-3.5,-107,-113
21700587,BetOnline,1096,1610612752,1610612742,5,-5,-107,-113
21700588,BetOnline,1096,1610612760,1610612756,-8,8,-114,-106
21700589,BetOnline,1096,1610612759,1610612757,1,-1,-107,-113
21700590,BetOnline,1096,1610612737,1610612747,3.5,-3.5,-110,-110
21700591,BetOnline,1096,1610612749,1610612754,1.5,-1.5,-112,-108
21700592,BetOnline,1096,1610612761,1610612751,-7.5,7.5,-106,-114
21700593,BetOnline,1096,1610612745,1610612741,-6,6,-107,-113
21700594,BetOnline,1096,1610612739,1610612750,-1,1,-104,-116
21700595,BetOnline,1096,1610612765,1610612740,6,-6,-104,-116
21700596,BetOnline,1096,1610612759,1610612758,-5,5,-110,-110
21700597,BetOnline,1096,1610612743,1610612744,10,-10,-110,-110
21700598,BetOnline,1096,1610612737,1610612746,4.5,-4.5,-112,-108
21700599,BetOnline,1096,1610612748,1610612761,4,-4,-114,-106
21700600,BetOnline,1096,1610612757,1610612760,8,-8,-114,-106
21700601,BetOnline,1096,1610612753,1610612742,7,-7,-105,-115
21700602,BetOnline,1096,1610612758,1610612747,8.5,-8.5,-105,-115
21700603,BetOnline,1096,1610612742,1610612766,6.5,-6.5,-106,-114
21700604,BetOnline,1096,1610612748,1610612754,4.5,-4.5,-116,-104
21700605,BetOnline,1096,1610612762,1610612764,8,-8,-106,-114
21700606,BetOnline,1096,1610612765,1610612751,-2,2,-109,-111
21700607,BetOnline,1096,1610612741,1610612752,5,-5,-107,-113
21700608,BetOnline,1096,1610612757,1610612745,7,-7,-113,-107
21700609,BetOnline,1096,1610612740,1610612763,1,-1,-112,-108
21700610,BetOnline,1096,1610612753,1610612749,10.5,-10.5,-108,-112
21700611,BetOnline,1096,1610612760,1610612750,4.5,-4.5,-108,-112
21700612,BetOnline,1096,1610612737,1610612743,9,-9,-105,-115
21700613,BetOnline,1096,1610612746,1610612744,12,-12,-107,-113
21700614,BetOnline,1096,1610612738,1610612755,-1.5,1.5,-110,-110
21700615,BetOnline,1096,1610612739,1610612761,-2.5,2.5,-113,-107
21700616,BetOnline,1096,1610612746,1610612758,-3.5,3.5,-112,-108
21700617,BetOnline,1096,1610612759,1610612747,-2.5,2.5,-104,-116
21700618,BetOnline,1096,1610612762,1610612766,4.5,-4.5,-105,-115
21700619,BetOnline,1096,1610612739,1610612754,-1.5,1.5,-110,-110
21700620,BetOnline,1096,1610612753,1610612764,11,-11,-113,-107
21700621,BetOnline,1096,1610612751,1610612737,2.5,-2.5,-105,-115
21700622,BetOnline,1096,1610612744,1610612749,-4.5,4.5,-112,-108
21700623,BetOnline,1096,1610612752,1610612750,9,-9,-110,-110
21700624,BetOnline,1096,1610612757,1610612740,3.5,-3.5,-107,-113
21700625,BetOnline,1096,1610612763,1610612743,6.5,-6.5,-112,-108
21700626,BetOnline,1096,1610612745,1610612756,-7,7,-118,-102
21700627,BetOnline,1096,1610612747,1610612742,4.5,-4.5,-108,-112
21700628,BetOnline,1096,1610612758,1610612746,7,-7,-114,-106
21700629,BetOnline,1096,1610612760,1610612766,-2,2,-113,-107
21700630,BetOnline,1096,1610612751,1610612764,9.5,-9.5,-113,-107
21700631,BetOnline,1096,1610612744,1610612761,-5.5,5.5,-112,-108
21700632,BetOnline,1096,1610612765,1610612741,-1.5,1.5,-113,-107
21700633,BetOnline,1096,1610612743,1610612759,7,-7,-108,-112
21700634,BetOnline,1096,1610612749,1610612748,1.5,-1.5,-112,-108
21700635,BetOnline,1096,1610612740,1610612752,-2.5,2.5,-110,-110
21700636,BetOnline,1096,1610612754,1610612756,-3.5,3.5,-110,-110
21700637,BetOnline,1096,1610612757,1610612750,6,-6,101,-121
21700638,BetOnline,1096,1610612766,1610612765,3,-3,-117,-103
21700639,BetOnline,1096,1610612761,1610612755,-2,2,-105,-115
21700640,BetOnline,1096,1610612749,1610612764,5,-5,-107,-113
21700641,BetOnline,1096,1610612759,1610612737,-5.5,5.5,-105,-115
21700642,BetOnline,1096,1610612752,1610612751,3.5,-3.5,-103,-117
21700643,BetOnline,1096,1610612758,1610612760,12.5,-12.5,-110,-110
21700644,BetOnline,1096,1610612748,1610612741,1.5,-1.5,-113,-107
21700645,BetOnline,1096,1610612747,1610612763,3.5,-3.5,-107,-113
21700646,BetOnline,1096,1610612744,1610612739,-5.5,5.5,-112,-108
21700647,BetOnline,1096,1610612754,1610612762,5,-5,-106,-114
21700648,BetOnline,1096,1610612745,1610612746,-4.5,4.5,-113,-107
21700649,BetOnline,1096,1610612750,1610612753,-8.5,8.5,-107,-113
21700650,BetOnline,1096,1610612740,1610612738,5.5,-5.5,-102,-118
21700651,BetOnline,1096,1610612742,1610612743,6.5,-6.5,-108,-112
21700652,BetOnline,1096,1610612756,1610612757,11,-11,-116,-104
21700653,BetOnline,1096,1610612764,1610612766,2,-2,-107,-113
21700654,BetOnline,1096,1610612740,1610612737,-2.5,2.5,-110,-110
21700655,BetOnline,1096,1610612759,1610612751,-5,5,-108,-112
21700656,BetOnline,1096,1610612765,1610612761,8.5,-8.5,-112,-108
21700657,BetOnline,1096,1610612744,1610612741,-8.5,8.5,-108,-112
21700658,BetOnline,1096,1610612752,1610612763,-2.5,2.5,-116,-104
21700659,BetOnline,1096,1610612748,1610612749,4.5,-4.5,-106,-114
21700660,BetOnline,1096,1610612747,1610612760,9.5,-9.5,-107,-113
21700661,BetOnline,1096,1610612762,1610612758,-4,4,-115,-105
21700662,BetOnline,1096,1610612743,1610612746,4.5,-4.5,-115,-105
21700663,BetOnline,1096,1610612755,1610612738,3,-3,-110,-110
21700664,BetOnline,1096,1610612753,1610612739,11.5,-11.5,-111,-109
21700665,BetOnline,1096,1610612750,1610612745,5.5,-5.5,-115,-105
21700666,BetOnline,1096,1610612754,1610612757,4.5,-4.5,-104,-116
21700667,BetOnline,1096,1610612759,1610612761,6,-6,-106,-114
21700668,BetOnline,1096,1610612748,1610612751,-3,3,-114,-106
21700669,BetOnline,1096,1610612764,1610612765,-1,1,-108,-112
21700670,BetOnline,1096,1610612758,1610612763,6.5,-6.5,-110,-110
21700671,BetOnline,1096,1610612756,1610612743,9.5,-9.5,-110,-110
21700672,BetOnline,1096,1610612752,1610612762,5.5,-5.5,-110,-110
21700673,BetOnline,1096,1610612754,1610612747,-2.5,2.5,-110,-110
21700674,BetOnline,1096,1610612760,1610612739,2.5,-2.5,-108,-112
21700675,BetOnline,1096,1610612741,1610612737,2,-2,-106,-114
21700676,BetOnline,1096,1610612748,1610612766,7,-7,-112,-108
21700677,BetOnline,1096,1610612763,1610612740,9.5,-9.5,-107,-113
21700678,BetOnline,1096,1610612749,1610612755,7.5,-7.5,-110,-110
21700679,BetOnline,1096,1610612744,1610612745,-2.5,2.5,-107,-113
21700680,BetOnline,1096,1610612761,1610612750,-1.5,1.5,-107,-113
21700681,BetOnline,1096,1610612746,1610612762,2.5,-2.5,-104,-116
21700682,BetOnline,1096,1610612742,1610612757,5.5,-5.5,-110,-110
21700683,BetOnline,1096,1610612753,1610612738,10.5,-10.5,-105,-115
21700684,BetOnline,1096,1610612752,1610612747,-2,2,-110,-110
21700685,BetOnline,1096,1610612751,1610612765,6,-6,-110,-110
21700686,BetOnline,1096,1610612754,1610612759,6,-6,-113,-107
21700687,BetOnline,1096,1610612758,1610612766,10,-10,-112,-108
21700688,BetOnline,1096,1610612762,1610612737,-2.5,2.5,-117,-103
21700689,BetOnline,1096,1610612748,1610612745,10.5,-10.5,-108,-112
21700690,BetOnline,1096,1610612755,1610612763,-3,3,-108,-112
21700691,BetOnline,1096,1610612756,1610612749,5.5,-5.5,-111,-109
21700692,BetOnline,1096,1610612741,1610612740,6.5,-6.5,-104,-116
21700693,BetOnline,1096,1610612764,1610612742,-2,2,-114,-106
21700694,BetOnline,1096,1610612757,1610612743,3,-3,-109,-111
21700695,BetOnline,1096,1610612750,1610612746,2,-2,-105,-115
21700696,BetOnline,1096,1610612758,1610612753,7.5,-7.5,-112,-108
21700697,BetOnline,1096,1610612751,1610612760,9.5,-9.5,-104,-116
21700698,BetOnline,1096,1610612739,1610612759,-2.5,2.5,-113,-107
21700699,BetOnline,1096,1610612752,1610612744,16,-16,-105,-115
21700700,BetOnline,1096,1610612738,1610612747,-5,5,-115,-105
21700701,BetOnline,1096,1610612740,1610612766,2.5,-2.5,-114,-106
21700702,BetOnline,1096,1610612762,1610612765,2.5,-2.5,-116,-104
21700703,BetOnline,1096,1610612756,1610612754,6.5,-6.5,-113,-107
21700704,BetOnline,1096,1610612741,1610612755,6,-6,-110,-110
21700705,BetOnline,1096,1610612761,1610612737,-6.5,6.5,-107,-113
21700706,BetOnline,1096,1610612745,1610612742,-6.5,6.5,-113,-107
21700707,BetOnline,1096,1610612759,1610612763,-1.5,1.5,-109,-111
21700708,BetOnline,1096,1610612750,1610612757,3.5,-3.5,-102,-118
21700709,BetOnline,1096,1610612738,1610612746,3.5,-3.5,-115,-105
21700710,BetOnline,1096,1610612758,1610612748,9.5,-9.5,-112,-108
21700711,BetOnline,1096,1610612764,1610612760,5,-5,-107,-113
21700712,BetOnline,1096,1610612752,1610612743,7,-7,-117,-103
21700713,BetOnline,1096,1610612750,1610612744,12.5,-12.5,-107,-113
21700714,BetOnline,1096,1610612737,1610612766,7,-7,-106,-114
21700715,BetOnline,1096,1610612754,1610612739,6,-6,-103,-117
21700716,BetOnline,1096,1610612762,1610612761,8,-8,-109,-111
21700717,BetOnline,1096,1610612747,1610612741,4,-4,-102,-118
21700718,BetOnline,1096,1610612746,1610612763,-4.5,4.5,-108,-112
21700719,BetOnline,1096,1610612751,1610612749,6,-6,-108,-112
21700720,BetOnline,1096,1610612745,1610612740,-4.5,4.5,-113,-107
21700721,BetOnline,1096,1610612757,1610612742,-1.5,1.5,-108,-112
21700722,BetOnline,1096,1610612755,1610612759,4,-4,-110,-110
21700723,BetOnline,1096,1610612752,1610612756,-1,1,-117,-103
21700724,BetOnline,1096,1610612760,1610612765,-3.5,3.5,-115,-105
21700725,BetOnline,1096,1610612753,1610612754,6.5,-6.5,-115,-105
21700726,BetOnline,1096,1610612764,1610612737,-3,3,-111,-109
21700727,BetOnline,1096,1610612766,1610612748,4,-4,-116,-104
21700728,BetOnline,1096,1610612738,1610612744,10.5,-10.5,-110,-110
21700729,BetOnline,1096,1610612751,1610612750,11,-11,-108,-112
21700730,BetOnline,1096,1610612742,1610612743,8,-8,-112,-108
21700731,BetOnline,1096,1610612749,1610612741,-2.5,2.5,-110,-110
21700732,BetOnline,1096,1610612756,1610612745,14.5,-14.5,-120,100
21700733,BetOnline,1096,1610612746,1610612740,2,-2,-118,-102
21700734,BetOnline,1096,1610612765,1610612739,7.5,-7.5,-116,-104
21700735,BetOnline,1096,1610612747,1610612761,10.5,-10.5,-116,-104
21700736,BetOnline,1096,1610612755,1610612760,3,-3,-109,-111
21700737,BetOnline,1096,1610612758,1610612759,11.5,-11.5,-110,-110
21700738,BetOnline,1096,1610612766,1610612754,2,-2,-108,-112
21700739,BetOnline,1096,1610612750,1610612737,-6.5,6.5,-113,-107
21700740,BetOnline,1096,1610612756,1610612763,7.5,-7.5,-107,-113
21700741,BetOnline,1096,1610612755,1610612749,6.5,-6.5,-112,-108
21700742,BetOnline,1096,1610612748,1610612742,-2,2,-115,-105
21700743,BetOnline,1096,1610612738,1610612743,1,-1,-110,-110
21700744,BetOnline,1096,1610612760,1610612764,-3,3,-112,-108
21700745,BetOnline,1096,1610612751,1610612752,5.5,-5.5,-106,-114
21700746,BetOnline,1096,1610612750,1610612761,6.5,-6.5,-109,-111
21700747,BetOnline,1096,1610612739,1610612765,-5.5,5.5,-115,-105
21700748,BetOnline,1096,1610612753,1610612745,13,-13,-114,-106
21700749,BetOnline,1096,1610612758,1610612740,9.5,-9.5,-107,-113
21700750,BetOnline,1096,1610612743,1610612759,6.5,-6.5,-107,-113
21700751,BetOnline,1096,1610612744,1610612762,-7.5,7.5,-115,-105
21700752,BetOnline,1096,1610612757,1610612746,-3,3,-111,-109
21700753,BetOnline,1096,1610612763,1610612754,9,-9,-110,-110
21700754,BetOnline,1096,1610612747,1610612753,-2.5,2.5,-116,-104
21700755,BetOnline,1096,1610612766,1610612737,-2.5,2.5,-113,-107
21700756,BetOnline,1096,1610612755,1610612751,-8,8,-112,-108
21700757,BetOnline,1096,1610612748,1610612739,2.5,-2.5,-112,-108
21700758,BetOnline,1096,1610612752,1610612738,5.5,-5.5,-114,-106
21700759,BetOnline,1096,1610612741,1610612757,8,-8,-105,-115
21700760,BetOnline,1096,1610612742,1610612756,-2.5,2.5,-115,-105
21700761,BetOnline,1096,1610612763,1610612765,8.5,-8.5,-106,-114
21700762,BetOnline,1096,1610612761,1610612764,-4,4,-107,-113
21700763,BetOnline,1096,1610612749,1610612750,6,-6,-114,-106
21700764,BetOnline,1096,1610612745,1610612759,-2.5,2.5,-108,-112
21700765,BetOnline,1096,1610612760,1610612743,-1.5,1.5,-116,-104
21700766,BetOnline,1096,1610612754,1610612766,3.5,-3.5,-109,-110
21700767,BetOnline,1096,1610612737,1610612738,7,-7,-116,-104
21700768,BetOnline,1096,1610612747,1610612751,1,-1,-110,-110
21700769,BetOnline,1096,1610612757,1610612761,4.5,-4.5,-108,-112
21700770,BetOnline,1096,1610612748,1610612755,4,-4,-105,-115
21700771,BetOnline,1096,1610612752,1610612749,4.5,-4.5,-110,-110
21700772,BetOnline,1096,1610612740,1610612760,6.5,-6.5,-110,-110
21700773,BetOnline,1096,1610612762,1610612756,-6,6,-107,-113
21700774,BetOnline,1096,1610612744,1610612758,-14,14,-110,-110
21700775,BetOnline,1096,1610612741,1610612746,8.5,-8.5,-105,-115
21700776,BetOnline,1096,1610612748,1610612765,4.5,-4.5,-110,-110
21700777,BetOnline,1096,1610612755,1610612754,1,-1,-106,-114
21700778,BetOnline,1096,1610612764,1610612753,-5,5,-110,-110
21700779,BetOnline,1096,1610612745,1610612739,-4,4,-112,-108
21700780,BetOnline,1096,1610612740,1610612750,8,-8,-106,-114
21700781,BetOnline,1096,1610612762,1610612759,6,-6,-110,-110
21700782,BetOnline,1096,1610612744,1610612743,-5.5,5.5,-113,-107
21700783,BetOnline,1096,1610612742,1610612758,-4.5,4.5,-111,-109
21700784,BetOnline,1096,1610612757,1610612738,-2,2,-105,-115
21700785,BetOnline,1096,1610612749,1610612751,-4.5,4.5,-115,-105
21700786,BetOnline,1096,1610612737,1610612752,5.5,-5.5,-105,-115
21700787,BetOnline,1096,1610612763,1610612761,11,-11,-105,-115
21700788,BetOnline,1096,1610612747,1610612760,9.5,-9.5,-108,-112
21700789,BetOnline,1096,1610612766,1610612756,-6.5,6.5,-110,-110
21700790,BetOnline,1096,1610612757,1610612765,2.5,-2.5,-110,-110
21700791,BetOnline,1096,1610612764,1610612754,-3.5,3.5,-108,-112
21700792,BetOnline,1096,1610612753,1610612748,8.5,-8.5,-110,-110
21700793,BetOnline,1096,1610612762,1610612740,1,-1,-113,-107
21700794,BetOnline,1096,1610612766,1610612743,4,-4,-106,-114
21700795,BetOnline,1096,1610612741,1610612758,2.5,-2.5,-110,-110
21700796,BetOnline,1096,1610612742,1610612746,6,-6,-107,-113
21700797,BetOnline,1096,1610612739,1610612753,-6.5,6.5,-118,-102
21700798,BetOnline,1096,1610612738,1610612761,5,-5,-107,-113
21700799,BetOnline,1096,1610612763,1610612737,3,-3,-107,-113
21700800,BetOnline,1096,1610612745,1610612751,-11.5,11.5,-115,-105
21700801,BetOnline,1096,1610612749,1610612752,1.5,-1.5,-107,-113
21700802,BetOnline,1096,1610612764,1610612755,6,-6,-110,-110
21700803,BetOnline,1096,1610612760,1610612744,10,-10,-104,-116
21700804,BetOnline,1096,1610612756,1610612747,7.5,-7.5,-112,-108
21700805,BetOnline,1096,1610612751,1610612765,9.5,-9.5,-107,-113
21700806,BetOnline,1096,1610612745,1610612748,-4.5,4.5,-116,-104
21700807,BetOnline,1096,1610612750,1610612739,-3.5,3.5,-109,-111
21700808,BetOnline,1096,1610612762,1610612763,-6.5,6.5,-112,-108
21700809,BetOnline,1096,1610612754,1610612740,1,-1,-105,-115
21700810,BetOnline,1096,1610612759,1610612756,-10.5,10.5,-115,-105
21700811,BetOnline,1096,1610612737,1610612753,-2,2,-106,-114
21700812,BetOnline,1096,1610612752,1610612761,14,-14,-111,-109
21700813,BetOnline,1096,1610612738,1610612764,-2,2,-107,-113
21700814,BetOnline,1096,1610612766,1610612757,3,-3,-104,-116
21700815,BetOnline,1096,1610612742,1610612744,14.5,-14.5,-110,-110
21700816,BetOnline,1096,1610612760,1610612747,1,-1,-110,-110
21700817,BetOnline,1096,1610612746,1610612765,3.5,-3.5,-107,-113
21700818,BetOnline,1096,1610612740,1610612755,5.5,-5.5,-107,-113
21700819,BetOnline,1096,1610612739,1610612737,-2,2,-107,-113
21700820,BetOnline,1096,1610612754,1610612738,4,-4,-106,-114
21700821,BetOnline,1096,1610612749,1610612748,1,-1,-106,-114
21700822,BetOnline,1096,1610612750,1610612741,-7.5,7.5,-115,-105
21700823,BetOnline,1096,1610612743,1610612745,8.5,-8.5,-108,-112
21700824,BetOnline,1096,1610612766,1610612762,6.5,-6.5,-110,-110
21700825,BetOnline,1096,1610612757,1610612758,-5,5,-115,-105
21700826,BetOnline,1096,1610612740,1610612751,-2.5,2.5,-109,-111
21700827,BetOnline,1096,1610612749,1610612753,-5,5,-110,-110
21700828,BetOnline,1096,1610612746,1610612755,5,-5,-106,-114
21700829,BetOnline,1096,1610612764,1610612741,-5.5,5.5,-105,-115
21700830,BetOnline,1096,1610612747,1610612742,3.5,-3.5,-110,-110
21700831,BetOnline,1096,1610612759,1610612744,10.5,-10.5,-104,-116
21700832,BetOnline,1096,1610612743,1610612756,-7,7,-117,-103
21700833,BetOnline,1096,1610612761,1610612766,-3.5,3.5,-110,-110
21700834,BetOnline,1096,1610612765,1610612737,-4,4,-110,-110
21700835,BetOnline,1096,1610612739,1610612738,5,-5,-110,-110
21700836,BetOnline,1096,1610612752,1610612754,7.5,-7.5,-106,-114
21700837,BetOnline,1096,1610612742,1610612745,15,-15,-110,-110
21700838,BetOnline,1096,1610612758,1610612750,13.5,-13.5,-108,-112
21700839,BetOnline,1096,1610612763,1610612760,4.5,-4.5,-110,-110
21700840,BetOnline,1096,1610612762,1610612757,4,-4,-110,-110
21700841,BetOnline,1096,1610612740,1610612765,3.5,-3.5,-108,-112
21700842,BetOnline,1096,1610612752,1610612755,11.5,-11.5,-108,-112
21700843,BetOnline,1096,1610612746,1610612751,-4.5,4.5,-113,-107
21700844,BetOnline,1096,1610612753,1610612741,5,-5,-105,-115
21700845,BetOnline,1096,1610612759,1610612762,4,-4,-106,-114
21700846,BetOnline,1096,1610612756,1610612744,16.5,-16.5,-110,-110
21700847,BetOnline,1096,1610612748,1610612761,8,-8,-107,-113
21700848,BetOnline,1096,1610612737,1610612749,7.5,-7.5,-115,-105
21700849,BetOnline,1096,1610612745,1610612750,-3.5,3.5,-112,-108
21700850,BetOnline,1096,1610612739,1610612760,3.5,-3.5,-111,-109
21700851,BetOnline,1096,1610612758,1610612742,7,-7,-105,-115
21700852,BetOnline,1096,1610612759,1610612743,7,-7,-110,-110
21700853,BetOnline,1096,1610612737,1610612765,10.5,-10.5,-110,-110
21700854,BetOnline,1096,1610612766,1610612753,-6,6,-115,-105
21700855,BetOnline,1096,1610612748,1610612755,3.5,-3.5,-108,-112
21700856,BetOnline,1096,1610612754,1610612751,-3.5,3.5,-110,-110
21700857,BetOnline,1096,1610612764,1610612752,-4.5,4.5,-114,-106
21700858,BetOnline,1096,1610612746,1610612738,5,-5,-114,-106
21700859,BetOnline,1096,1610612761,1610612741,-7,7,-110,-110
21700860,BetOnline,1096,1610612758,1610612745,14.5,-14.5,-108,-112
21700861,BetOnline,1096,1610612760,1610612763,-4.5,4.5,-104,-116
21700862,BetOnline,1096,1610612747,1610612740,5.5,-5.5,-107,-113
21700863,BetOnline,1096,1610612756,1610612762,11,-11,-105,-115
21700864,BetOnline,1096,1610612744,1610612757,-7,7,-110,-110
21700865,BetOnline,1096,1610612743,1610612749,2.5,-2.5,-112,-108
21700866,BetOnline,1096,1610612747,1610612750,10,-10,-107,-113
21700867,BetOnline,1096,1610612751,1610612766,8.5,-8.5,-109,-111
21700868,BetOnline,1096,1610612752,1610612753,3.5,-3.5,-110,-110
21700869,BetOnline,1096,1610612764,1610612739,6.5,-6.5,100,-120
21700870,BetOnline,1096,1610612755,1610612741,-7.5,7.5,-110,-110
21700871,BetOnline,1096,1610612760,1610612758,-8,8,-117,-103
21700872,BetOnline,1096,1610612746,1610612744,11,-11,-117,-103
21700873,BetOnline,1096,1610612738,1610612765,-2.5,2.5,-115,-105
21700874,BetOnline,1096,1610612737,1610612754,7,-7,-108,-112
21700875,BetOnline,1096,1610612766,1610612764,3.5,-3.5,-112,-108
21700876,BetOnline,1096,1610612749,1610612761,7,-7,-108,-112
21700877,BetOnline,1096,1610612750,1610612745,7.5,-7.5,-106,-114
21700878,BetOnline,1096,1610612739,1610612763,-5,5,-110,-110
21700879,BetOnline,1096,1610612748,1610612740,2,-2,-107,-113
21700880,BetOnline,1096,1610612759,1610612743,4,-4,-108,-112
21700881,BetOnline,1096,1610612746,1610612756,-5.5,5.5,-114,-106
21700882,BetOnline,1096,1610612757,1610612762,4.5,-4.5,-106,-114
21700883,BetOnline,1096,1610612742,1610612747,4.5,-4.5,-105,-115
21700884,BetOnline,1096,1610612753,1610612755,10,-10,-104,-116
21700885,BetOnline,1096,1610612763,1610612748,9.5,-9.5,-107,-113
21700886,BetOnline,1096,1610612738,1610612752,-6,6,-113,-107
21700887,BetOnline,1096,1610612760,1610612744,10,-10,-113,-107
21700888,BetOnline,1096,1610612741,1610612750,7.5,-7.5,-105,-115
21700889,BetOnline,1096,1610612757,1610612756,-6,6,-116,-104
21700890,BetOnline,1096,1610612742,1610612762,10.5,-10.5,-110,-110
21700891,BetOnline,1096,1610612747,1610612758,-2,2,-112,-108
21700892,BetOnline,1096,1610612765,1610612766,4.5,-4.5,-110,-110
21700893,BetOnline,1096,1610612740,1610612749,4.5,-4.5,-110,-110
21700894,BetOnline,1096,1610612759,1610612739,4.5,-4.5,-110,-110
21700895,BetOnline,1096,1610612755,1610612764,1.5,-1.5,-113,-107
21700896,BetOnline,1096,1610612745,1610612743,-4.5,4.5,-114,-106
21700897,BetOnline,1096,1610612747,1610612737,-2,2,-116,-104
21700898,BetOnline,1096,1610612763,1610612738,11.5,-11.5,-107,-113
21700899,BetOnline,1096,1610612741,1610612751,4.5,-4.5,-103,-117
21700900,BetOnline,1096,1610612744,1610612752,-12.5,12.5,-110,-110
21700901,BetOnline,1096,1610612765,1610612761,10,-10,-107,-113
21700902,BetOnline,1096,1610612756,1610612740,7,-7,-107,-113
21700903,BetOnline,1096,1610612753,1610612760,10,-10,-108,-112
21700904,BetOnline,1096,1610612754,1610612742,-2.5,2.5,-110,-110
21700905,BetOnline,1096,1610612745,1610612762,-1.5,1.5,-115,-105
21700906,BetOnline,1096,1610612750,1610612758,-5,5,-115,-105
21700907,BetOnline,1096,1610612741,1610612766,11,-11,-105,-115
21700908,BetOnline,1096,1610612751,1610612739,10.5,-10.5,-111,-109
21700909,BetOnline,1096,1610612755,1610612748,1,-1,-108,-112
21700910,BetOnline,1096,1610612764,1610612749,3,-3,-114,-106
21700911,BetOnline,1096,1610612758,1610612757,12.5,-12.5,-109,-111
21700912,BetOnline,1096,1610612746,1610612743,5.5,-5.5,-105,-115
21700913,BetOnline,1096,1610612749,1610612765,1,-1,-110,-110
21700914,BetOnline,1096,1610612761,1610612753,-9,9,-112,-108
21700915,BetOnline,1096,1610612754,1610612737,-4.5,4.5,-105,-115
21700916,BetOnline,1096,1610612766,1610612738,7.5,-7.5,-105,-115
21700917,BetOnline,1096,1610612744,1610612764,-8.5,8.5,-110,-110
21700918,BetOnline,1096,1610612756,1610612763,3,-3,-110,-110
21700919,BetOnline,1096,1610612760,1610612742,-5,5,-115,-105
21700920,BetOnline,1096,1610612740,1610612759,4.5,-4.5,-110,-110
21700921,BetOnline,1096,1610612745,1610612746,-8.5,8.5,-116,-104
21700922,BetOnline,1096,1610612747,1610612748,5.5,-5.5,-108,-112
21700923,BetOnline,1096,1610612755,1610612739,3,-3,-104,-116
21700924,BetOnline,1096,1610612751,1610612758,-2.5,2.5,-114,-106
21700925,BetOnline,1096,1610612750,1610612757,5.5,-5.5,-110,-110
21700926,BetOnline,1096,1610612765,1610612753,-2.5,2.5,-111,-109
21700927,BetOnline,1096,1610612766,1610612755,3.5,-3.5,-104,-116
21700928,BetOnline,1096,1610612744,1610612737,-13,13,-120,100
21700929,BetOnline,1096,1610612761,1610612764,-3,3,-113,-107
21700930,BetOnline,1096,1610612742,1610612741,-2.5,2.5,-109,-111
21700931,BetOnline,1096,1610612743,1610612763,-9,9,-110,-110
21700932,BetOnline,1096,1610612754,1610612749,3.5,-3.5,-109,-111
21700933,BetOnline,1096,1610612760,1610612756,-7.5,7.5,-117,-103
21700934,BetOnline,1096,1610612750,1610612762,7,-7,-107,-113
21700935,BetOnline,1096,1610612752,1610612746,9,-9,-107,-113
21700936,BetOnline,1096,1610612763,1610612753,6.5,-6.5,-102,-118
21700937,BetOnline,1096,1610612743,1610612739,3.5,-3.5,-109,-111
21700938,BetOnline,1096,1610612765,1610612748,5,-5,-110,-110
21700939,BetOnline,1096,1610612738,1610612745,8.5,-8.5,-112,-108
21700940,BetOnline,1096,1610612747,1610612759,6,-6,-111,-109
21700941,BetOnline,1096,1610612760,1610612757,4.5,-4.5,-105,-115
21700942,BetOnline,1096,1610612762,1610612758,-7,7,-118,-102
21700943,BetOnline,1096,1610612756,1610612737,1.5,-1.5,-105,-115
21700944,BetOnline,1096,1610612766,1610612761,8.5,-8.5,-110,-110
21700945,BetOnline,1096,1610612754,1610612764,4,-4,-113,-107
21700946,BetOnline,1096,1610612740,1610612742,-3.5,3.5,-114,-106
21700947,BetOnline,1096,1610612755,1610612749,-1.5,1.5,-112,-108
21700948,BetOnline,1096,1610612751,1610612746,7.5,-7.5,-110,-110
21700949,BetOnline,1096,1610612752,1610612758,-2.5,2.5,-105,-115
21700950,BetOnline,1096,1610612765,1610612739,6,-6,-112,-108
21700951,BetOnline,1096,1610612749,1610612754,2.5,-2.5,-115,-105
21700952,BetOnline,1096,1610612756,1610612748,9.5,-9.5,-112,-108
21700953,BetOnline,1096,1610612738,1610612741,-7,7,-107,-113
21700954,BetOnline,1096,1610612763,1610612759,12.5,-12.5,-113,-107
21700955,BetOnline,1096,1610612753,1610612762,9.5,-9.5,-106,-114
21700956,BetOnline,1096,1610612757,1610612747,-2,2,-115,-105
21700957,BetOnline,1096,1610612755,1610612766,-1.5,1.5,-110,-110
21700958,BetOnline,1096,1610612737,1610612761,12.5,-12.5,-110,-110
21700959,BetOnline,1096,1610612748,1610612764,4,-4,-105,-115
21700960,BetOnline,1096,1610612745,1610612760,-5.5,5.5,-110,-110
21700961,BetOnline,1096,1610612743,1610612742,-6.5,6.5,-115,-105
21700962,BetOnline,1096,1610612752,1610612757,9.5,-9.5,-110,-110
21700963,BetOnline,1096,1610612751,1610612744,15,-15,-108,-112
21700964,BetOnline,1096,1610612740,1610612746,2.5,-2.5,-122,102
21700965,BetOnline,1096,1610612762,1610612754,-1.5,1.5,-113,-107
21700966,BetOnline,1096,1610612761,1610612765,-4.5,4.5,-107,-113
21700967,BetOnline,1096,1610612763,1610612741,3.5,-3.5,-107,-113
21700968,BetOnline,1096,1610612745,1610612749,-6,6,-107,-113
21700969,BetOnline,1096,1610612740,1610612758,-6,6,-110,-110
21700970,BetOnline,1096,1610612739,1610612743,3.5,-3.5,-110,-110
21700971,BetOnline,1096,1610612753,1610612747,6.5,-6.5,-108,-112
21700972,BetOnline,1096,1610612751,1610612766,7,-7,-104,-116
21700973,BetOnline,1096,1610612755,1610612748,1,-1,-116,-104
21700974,BetOnline,1096,1610612738,1610612750,-2.5,2.5,-105,-115
21700975,BetOnline,1096,1610612756,1610612760,11,-11,-115,-105
21700976,BetOnline,1096,1610612759,1610612744,11,-11,-114,-106
21700977,BetOnline,1096,1610612741,1610612765,8,-8,-112,-108
21700978,BetOnline,1096,1610612737,1610612754,9,-9,-106,-114
21700979,BetOnline,1096,1610612745,1610612761,-3,3,-115,-105
21700980,BetOnline,1096,1610612762,1610612763,-10,10,-116,-104
21700981,BetOnline,1096,1610612752,1610612749,9.5,-9.5,-107,-113
21700982,BetOnline,1096,1610612764,1610612740,-3.5,3.5,-115,-105
21700983,BetOnline,1096,1610612747,1610612743,7.5,-7.5,-104,-116
21700984,BetOnline,1096,1610612744,1610612757,2,-2,-111,-109
21700985,BetOnline,1096,1610612753,1610612758,2.5,-2.5,-110,-110
21700986,BetOnline,1096,1610612739,1610612746,-1,1,-117,-103
21700987,BetOnline,1096,1610612756,1610612766,13,-13,-115,-105
21700988,BetOnline,1096,1610612764,1610612748,4,-4,-110,-110
21700989,BetOnline,1096,1610612763,1610612742,9.5,-9.5,-102,-118
21700990,BetOnline,1096,1610612759,1610612760,4,-4,-113,-107
21700991,BetOnline,1096,1610612753,1610612746,11.5,-11.5,-108,-112
21700992,BetOnline,1096,1610612761,1610612752,-10,10,-114,-106
21700993,BetOnline,1096,1610612741,1610612737,2,-2,-108,-112
21700994,BetOnline,1096,1610612744,1610612750,-3.5,3.5,-110,-110
21700995,BetOnline,1096,1610612762,1610612740,-1.5,1.5,-116,-104
21700996,BetOnline,1096,1610612758,1610612743,11.5,-11.5,-109,-111
21700997,BetOnline,1096,1610612745,1610612742,-10,10,-110,-110
21700998,BetOnline,1096,1610612754,1610612738,4.5,-4.5,-108,-112
21700999,BetOnline,1096,1610612755,1610612751,-5.5,5.5,-107,-113
21701000,BetOnline,1096,1610612739,1610612747,-2,2,-128,108
21701001,BetOnline,1096,1610612759,1610612745,11.5,-11.5,-115,-105
21701002,BetOnline,1096,1610612749,1610612763,-7.5,7.5,-110,-110
21701003,BetOnline,1096,1610612758,1610612760,13.5,-13.5,-105,-115
21701004,BetOnline,1096,1610612748,1610612757,6,-6,-105,-115
21701005,BetOnline,1096,1610612754,1610612755,6.5,-6.5,-118,-102
21701006,BetOnline,1096,1610612750,1610612764,3.5,-3.5,-117,-103
21701007,BetOnline,1096,1610612760,1610612737,-6,6,-115,-105
21701008,BetOnline,1096,1610612761,1610612751,-9,9,-112,-108
21701009,BetOnline,1096,1610612742,1610612752,-1,1,-108,-112
21701010,BetOnline,1096,1610612746,1610612741,-7.5,7.5,-110,-110
21701011,BetOnline,1096,1610612766,1610612740,5,-5,-111,-109
21701012,BetOnline,1096,1610612753,1610612759,10.5,-10.5,-116,-104
21701013,BetOnline,1096,1610612765,1610612762,8.5,-8.5,-106,-114
21701014,BetOnline,1096,1610612739,1610612756,-8,8,-112,-108
21701015,BetOnline,1096,1610612743,1610612747,-2.5,2.5,-117,-103
21701016,BetOnline,1096,1610612749,1610612753,-10,10,-110,-110
21701017,BetOnline,1096,1610612764,1610612738,-4,4,-117,-103
21701018,BetOnline,1096,1610612748,1610612758,-7,7,-110,-110
21701019,BetOnline,1096,1610612747,1610612744,6,-6,-112,-108
21701020,BetOnline,1096,1610612761,1610612754,-4,4,-114,-106
21701021,BetOnline,1096,1610612766,1610612737,-5.5,5.5,-109,-111
21701022,BetOnline,1096,1610612755,1610612752,-10,10,-110,-110
21701023,BetOnline,1096,1610612746,1610612745,11,-11,-110,-110
21701024,BetOnline,1096,1610612741,1610612763,2.5,-2.5,-109,-111
21701025,BetOnline,1096,1610612740,1610612759,4.5,-4.5,-105,-115
21701026,BetOnline,1096,1610612765,1610612743,8.5,-8.5,-110,-110
21701027,BetOnline,1096,1610612756,1610612762,14,-14,-110,-110
21701028,BetOnline,1096,1610612739,1610612757,6,-6,-116,-104
21701029,BetOnline,1096,1610612738,1610612753,-6.5,6.5,-113,-107
21701030,BetOnline,1096,1610612751,1610612755,8.5,-8.5,-110,-110
21701031,BetOnline,1096,1610612742,1610612761,10.5,-10.5,-115,-105
21701032,BetOnline,1096,1610612746,1610612760,6,-6,-105,-115
21701033,BetOnline,1096,1610612758,1610612744,8.5,-8.5,-110,-110
21701034,BetOnline,1096,1610612748,1610612747,2.5,-2.5,-115,-105
21701035,BetOnline,1096,1610612754,1610612764,4.5,-4.5,-110,-110
21701036,BetOnline,1096,1610612745,1610612740,-8.5,8.5,-107,-113
21701037,BetOnline,1096,1610612742,1610612751,4.5,-4.5,-110,-110
21701038,BetOnline,1096,1610612766,1610612752,-6.5,6.5,-107,-113
21701039,BetOnline,1096,1610612739,1610612741,-7,7,-110,-110
21701040,BetOnline,1096,1610612743,1610612763,-7,7,-112,-108
21701041,BetOnline,1096,1610612737,1610612749,10.5,-10.5,-104,-116
21701042,BetOnline,1096,1610612750,1610612759,4.5,-4.5,-112,-108
21701043,BetOnline,1096,1610612758,1610612762,15.5,-15.5,-106,-114
21701044,BetOnline,1096,1610612744,1610612756,-5,5,-118,-102
21701045,BetOnline,1096,1610612765,1610612757,9,-9,-107,-113
21701046,BetOnline,1096,1610612760,1610612761,6,-6,-110,-110
21701047,BetOnline,1096,1610612738,1610612740,3.5,-3.5,-105,-115
21701048,BetOnline,1096,1610612745,1610612750,-7.5,7.5,-110,-110
21701049,BetOnline,1096,1610612757,1610612746,1,-1,-102,-118
21701050,BetOnline,1096,1610612749,1610612739,3,-3,-111,-109
21701051,BetOnline,1096,1610612747,1610612754,5,-5,-103,-117
21701052,BetOnline,1096,1610612766,1610612755,8.5,-8.5,-105,-115
21701053,BetOnline,1096,1610612763,1610612751,8,-8,-108,-112
21701054,BetOnline,1096,1610612743,1610612748,1.5,-1.5,-107,-113
21701055,BetOnline,1096,1610612741,1610612752,5,-5,-109,-111
21701056,BetOnline,1096,1610612744,1610612759,8,-8,-105,-115
21701057,BetOnline,1096,1610612765,1610612758,-3.5,3.5,-112,-108
21701058,BetOnline,1096,1610612761,1610612753,-9,9,-105,-115
21701059,BetOnline,1096,1610612760,1610612738,-5,5,-114,-106
21701060,BetOnline,1096,1610612746,1610612750,3.5,-3.5,-110,-110
21701061,BetOnline,1096,1610612742,1610612740,6.5,-6.5,-117,-103
21701062,BetOnline,1096,1610612737,1610612762,14,-14,-102,-118
21701063,BetOnline,1096,1610612765,1610612756,-8,8,-107,-113
21701064,BetOnline,1096,1610612745,1610612757,-4,4,-109,-111
21701065,BetOnline,1096,1610612761,1610612739,-1.5,1.5,-113,-107
21701066,BetOnline,1096,1610612763,1610612755,12.5,-12.5,-110,-110
21701067,BetOnline,1096,1610612766,1610612751,-1,1,-107,-113
21701068,BetOnline,1096,1610612752,1610612748,9.5,-9.5,-109,-111
21701069,BetOnline,1096,1610612743,1610612741,-9,9,-114,-106
21701070,BetOnline,1096,1610612746,1610612749,5.5,-5.5,-110,-110
21701071,BetOnline,1096,1610612764,1610612759,5.5,-5.5,-110,-110
21701072,BetOnline,1096,1610612763,1610612766,8,-8,-117,-103
21701073,BetOnline,1096,1610612755,1610612753,-8,8,-116,-104
21701074,BetOnline,1096,1610612765,1610612745,10.5,-10.5,-108,-112
21701075,BetOnline,1096,1610612747,1610612740,2.5,-2.5,-112,-108
21701076,BetOnline,1096,1610612762,1610612742,-8,8,-108,-112
21701077,BetOnline,1096,1610612737,1610612758,3.5,-3.5,-105,-115
21701078,BetOnline,1096,1610612746,1610612754,4,-4,-110,-110
21701079,BetOnline,1096,1610612743,1610612764,1.5,-1.5,-106,-114
21701080,BetOnline,1096,1610612756,1610612739,15,-15,-103,-117
21701081,BetOnline,1096,1610612750,1610612752,-6,6,-110,-110
21701082,BetOnline,1096,1610612751,1610612761,11,-11,-110,-110
21701083,BetOnline,1096,1610612749,1610612741,-4.5,4.5,-105,-115
21701084,BetOnline,1096,1610612748,1610612760,6,-6,-112,-108
21701085,BetOnline,1096,1610612762,1610612759,3,-3,-107,-113
21701086,BetOnline,1096,1610612738,1610612757,8,-8,-111,-109
21701087,BetOnline,1096,1610612737,1610612744,11,-11,-105,-115
21701088,BetOnline,1096,1610612750,1610612755,8,-8,-115,-105
21701089,BetOnline,1096,1610612741,1610612765,13,-13,-110,-110
21701090,BetOnline,1096,1610612756,1610612753,7.5,-7.5,-110,-110
21701091,BetOnline,1096,1610612740,1610612745,8,-8,-110,-110
21701092,BetOnline,1096,1610612747,1610612763,-6,6,-113,-107
21701093,BetOnline,1096,1610612766,1610612742,-2.5,2.5,-110,-110
21701094,BetOnline,1096,1610612739,1610612751,-7,7,-110,-110
21701095,BetOnline,1096,1610612759,1610612749,-2,2,-110,-110
21701096,BetOnline,1096,1610612748,1610612754,3.5,-3.5,-110,-110
21701097,BetOnline,1096,1610612746,1610612761,8.5,-8.5,-113,-107
21701098,BetOnline,1096,1610612752,1610612764,10.5,-10.5,-111,-109
21701099,BetOnline,1096,1610612738,1610612758,-6.5,6.5,-106,-114
21701100,BetOnline,1096,1610612757,1610612760,4,-4,-113,-107
21701101,BetOnline,1096,1610612737,1610612745,13.5,-13.5,-105,-115
21701102,BetOnline,1096,1610612762,1610612744,-9,9,-110,-110
21701103,BetOnline,1096,1610612752,1610612766,11,-11,-115,-105
21701104,BetOnline,1096,1610612747,1610612765,4.5,-4.5,-110,-110
21701105,BetOnline,1096,1610612743,1610612755,4.5,-4.5,-112,-108
21701106,BetOnline,1096,1610612763,1610612750,13,-13,-116,-104
21701107,BetOnline,1096,1610612738,1610612756,-10,10,-115,-105
21701108,BetOnline,1096,1610612759,1610612764,-2,2,-112,-108
21701109,BetOnline,1096,1610612743,1610612761,8,-8,-116,-104
21701110,BetOnline,1096,1610612739,1610612748,-2,2,-106,-114
21701111,BetOnline,1096,1610612741,1610612745,13,-13,-105,-115
21701112,BetOnline,1096,1610612757,1610612740,-1.5,1.5,-109,-111
21701113,BetOnline,1096,1610612742,1610612758,2.5,-2.5,-105,-115
21701114,BetOnline,1096,1610612754,1610612744,-8,8,-110,-110
21701115,BetOnline,1096,1610612749,1610612746,3,-3,-113,-107
21701116,BetOnline,1096,1610612739,1610612766,2,-2,-112,-108
21701117,BetOnline,1096,1610612751,1610612753,-2.5,2.5,-113,-107
21701118,BetOnline,1096,1610612752,1610612755,13.5,-13.5,-107,-113
21701119,BetOnline,1096,1610612757,1610612763,-5.5,5.5,-110,-110
21701120,BetOnline,1096,1610612737,1610612750,12,-12,-103,-117
21701121,BetOnline,1096,1610612738,1610612762,10.5,-10.5,-110,-110
21701122,BetOnline,1096,1610612746,1610612756,-11,11,-116,-104
21701123,BetOnline,1096,1610612742,1610612747,8.5,-8.5,-110,-110
21701124,BetOnline,1096,1610612764,1610612765,-2.5,2.5,-112,-108
21701125,BetOnline,1096,1610612741,1610612748,13,-13,-110,-110
21701126,BetOnline,1096,1610612760,1610612759,1.5,-1.5,-109,-111
21701127,BetOnline,1096,1610612754,1610612758,-8,8,-110,-110
21701128,BetOnline,1096,1610612749,1610612744,4,-4,-107,-113
21701129,BetOnline,1096,1610612741,1610612753,6.5,-6.5,-110,-110
21701130,BetOnline,1096,1610612755,1610612737,-7.5,7.5,-113,-107
21701131,BetOnline,1096,1610612740,1610612739,4.5,-4.5,-103,-117
21701132,BetOnline,1096,1610612756,1610612745,17.5,-17.5,-108,-112
21701133,BetOnline,1096,1610612743,1610612760,3.5,-3.5,-108,-112
21701134,BetOnline,1096,1610612750,1610612742,-5,5,-110,-110
21701135,BetOnline,1096,1610612763,1610612762,14.5,-14.5,-101,-119
21701136,BetOnline,1096,1610612749,1610612747,-1.5,1.5,-115,-105
21701137,BetOnline,1096,1610612746,1610612757,5,-5,-110,-110
21701138,BetOnline,1096,1610612766,1610612764,6.5,-6.5,-105,-115
21701139,BetOnline,1096,1610612765,1610612752,-4.5,4.5,-114,-106
21701140,BetOnline,1096,1610612761,1610612738,-4.5,4.5,-110,-110
21701141,BetOnline,1096,1610612751,1610612748,8.5,-8.5,-110,-110
21701142,BetOnline,1096,1610612744,1610612758,-9,9,-116,-104
21701143,BetOnline,1096,1610612755,1610612766,-2.5,2.5,-115,-105
21701144,BetOnline,1096,1610612764,1610612741,-7,7,-110,-110
21701145,BetOnline,1096,1610612745,1610612759,1,-1,-110,-110
21701146,BetOnline,1096,1610612754,1610612746,3,-3,-102,-118
21701147,BetOnline,1096,1610612753,1610612737,1.5,-1.5,-110,-110
21701148,BetOnline,1096,1610612765,1610612751,0,0,-110,-110
21701149,BetOnline,1096,1610612742,1610612739,10.5,-10.5,-113,-107
21701150,BetOnline,1096,1610612760,1610612740,-1,1,-110,-110
21701151,BetOnline,1096,1610612762,1610612750,-2.5,2.5,-115,-105
21701152,BetOnline,1096,1610612749,1610612743,6,-6,-110,-110
21701153,BetOnline,1096,1610612756,1610612744,15,-15,-110,-110
21701154,BetOnline,1096,1610612763,1610612757,15,-15,-110,-110
21701155,BetOnline,1096,1610612758,1610612747,7.5,-7.5,-110,-110
21701156,BetOnline,1096,1610612761,1610612739,0,0,-110,-110
21701157,BetOnline,1096,1610612751,1610612755,8,-8,-109,-111
21701158,BetOnline,1096,1610612737,1610612748,12.5,-12.5,-106,-114
21701159,BetOnline,1096,1610612753,1610612752,1.5,-1.5,-103,-117
21701160,BetOnline,1096,1610612766,1610612741,-4.5,4.5,-115,-105
21701161,BetOnline,1096,1610612764,1610612745,7.5,-7.5,-114,-106
21701162,BetOnline,1096,1610612738,1610612749,3.5,-3.5,-110,-110
21701163,BetOnline,1096,1610612744,1610612760,4.5,-4.5,-110,-110
21701164,BetOnline,1096,1610612757,1610612742,-8.5,8.5,-115,-105
21701165,BetOnline,1096,1610612754,1610612743,3.5,-3.5,-110,-110
21701166,BetOnline,1096,1610612747,1610612762,11,-11,-110,-110
21701167,BetOnline,1096,1610612758,1610612756,-2.5,2.5,-110,-110
21701168,BetOnline,1096,1610612759,1610612746,-1.5,1.5,-115,-105
21701169,BetOnline,1096,1610612755,1610612765,-2,2,-110,-110
21701170,BetOnline,1096,1610612742,1610612753,1.5,-1.5,-113,-107
21701171,BetOnline,1096,1610612738,1610612761,7.5,-7.5,-110,-110
21701172,BetOnline,1096,1610612748,1610612737,-7,7,-110,-110
21701173,BetOnline,1096,1610612763,1610612740,13,-13,-105,-115
21701174,BetOnline,1096,1610612759,1610612747,-6,6,-109,-111
21701175,BetOnline,1096,1610612744,1610612754,-3,3,-113,-107
21701176,BetOnline,1096,1610612764,1610612739,5.5,-5.5,-106,-114
21701177,BetOnline,1096,1610612757,1610612745,11,-11,-110,-110
21701178,BetOnline,1096,1610612751,1610612749,9.5,-9.5,-107,-113
21701179,BetOnline,1096,1610612746,1610612762,7.5,-7.5,-105,-115
21701180,BetOnline,1096,1610612750,1610612743,4.5,-4.5,-103,-117
21701181,BetOnline,1096,1610612742,1610612765,6.5,-6.5,-102,-118
21701182,BetOnline,1096,1610612766,1610612753,-7,7,-116,-104
21701183,BetOnline,1096,1610612739,1610612755,3.5,-3.5,-105,-115
21701184,BetOnline,1096,1610612737,1610612764,10.5,-10.5,-116,-104
21701185,BetOnline,1096,1610612741,1610612738,6.5,-6.5,-115,-105
21701186,BetOnline,1096,1610612748,1610612752,-7.5,7.5,-112,-108
21701187,BetOnline,1096,1610612754,1610612761,7,-7,-105,-115
21701188,BetOnline,1096,1610612758,1610612763,-4,4,-110,-110
21701189,BetOnline,1096,1610612740,1610612756,-12,12,-111,-109
21701190,BetOnline,1096,1610612750,1610612747,-5,5,-110,-110
21701191,BetOnline,1096,1610612743,1610612746,-3.5,3.5,-115,-105
21701192,BetOnline,1096,1610612749,1610612752,-6,6,-110,-110
21701193,BetOnline,1096,1610612751,1610612741,-5,5,-112,-108
21701194,BetOnline,1096,1610612760,1610612745,4.5,-4.5,-112,-108
21701195,BetOnline,1096,1610612740,1610612744,6,-6,-110,-110
21701196,BetOnline,1096,1610612757,1610612759,5,-5,-105,-115
21701197,BetOnline,1096,1610612754,1610612766,-1,1,-110,-110
21701198,BetOnline,1096,1610612742,1610612755,13,-13,-115,-105
21701199,BetOnline,1096,1610612765,1610612763,-6,6,-105,-115
21701200,BetOnline,1096,1610612753,1610612761,11,-11,-110,-110
21701201,BetOnline,1096,1610612762,1610612747,-9.5,9.5,-120,100
21701202,BetOnline,1096,1610612737,1610612738,9.5,-9.5,-110,-110
21701203,BetOnline,1096,1610612744,1610612756,-12.5,12.5,-116,-104
21701204,BetOnline,1096,1610612761,1610612765,-6,6,-110,-110
21701205,BetOnline,1096,1610612741,1610612751,6.5,-6.5,-104,-116
21701206,BetOnline,1096,1610612760,1610612748,-4.5,4.5,-110,-110
21701207,BetOnline,1096,1610612739,1610612752,-12,12,-108,-112
21701208,BetOnline,1096,1610612753,1610612749,10,-10,-112,-108
21701209,BetOnline,1096,1610612763,1610612750,16.5,-16.5,-101,-119
21701210,BetOnline,1096,1610612758,1610612759,14,-14,-109,-111
21701211,BetOnline,1096,1610612757,1610612743,4.5,-4.5,-103,-117
21701212,BetOnline,1096,1610612740,1610612746,-8.5,8.5,-108,-112
21701213,BetOnline,1096,1610612766,1610612754,1.5,-1.5,-110,-110
21701214,BetOnline,1096,1610612755,1610612737,-10,10,-111,-109
21701215,BetOnline,1096,1610612738,1610612764,7.5,-7.5,-107,-113
21701216,BetOnline,1096,1610612756,1610612742,2.5,-2.5,-115,-105
21701217,BetOnline,1096,1610612744,1610612762,8,-8,-110,-110
21701218,BetOnline,1096,1610612745,1610612747,-8.5,8.5,-115,-105
21701219,BetOnline,1096,1610612751,1610612738,-4.5,4.5,-112,-108
21701220,BetOnline,1096,1610612752,1610612739,8.5,-8.5,-115,-105
21701221,BetOnline,1096,1610612761,1610612748,2.5,-2.5,-110,-110
21701222,BetOnline,1096,1610612764,1610612753,-6,6,-112,-108
21701223,BetOnline,1096,1610612749,1610612755,6,-6,-110,-110
21701224,BetOnline,1096,1610612765,1610612741,-5,5,-110,-110
21701225,BetOnline,1096,1610612743,1610612750,3.5,-3.5,-105,-115
21701226,BetOnline,1096,1610612759,1610612740,3.5,-3.5,-107,-113
21701227,BetOnline,1096,1610612763,1610612760,16.5,-16.5,-103,-117
21701228,BetOnline,1096,1610612747,1610612746,2.5,-2.5,-110,-110
21701229,BetOnline,1096,1610612762,1610612757,2,-2,-105,-115
21701230,BetOnline,1096,1610612745,1610612758,2.5,-2.5,-103,-117
